,A-F-F,L-F-F,I-Y-F,Y-T-F,Total of All 4 Types of 3-mers,label
s1263.structure.final,12.15953785,9.177141976,2.69004536,20.98964504,45.01637023,1
s1443.structure.final,40.53701863,9.715830259,1.927704069,4.974872211,57.15542517,1
s1456.structure.final,3.779307113,49.83591312,2.84189445,2.246446412,58.70356109,1
s1571.structure.final,28.38282392,12.37737338,2.609435528,9.986057738,53.35569056,1
s1385.structure.final,14.72341846,20.51097159,2.88319659,14.51700628,52.63459292,1
s1674.structure.final,17.36590255,28.21057672,1.554507387,8.301462016,55.43244867,1
s1491.structure.final,6.656050464,19.18074635,7.001187165,15.27279455,48.11077853,1
s1528.structure.final,4.736396955,20.17197632,4.271215111,20.24245842,49.4220468,1
s397.structure.final,17.7223762,10.90285849,2.880651782,8.815153977,40.32104045,1
s934.structure.final,14.63750749,11.42861116,1.38974208,4.704216106,32.16007683,1
s1304.structure.final,16.51992562,17.44583688,1.019817842,9.102601587,44.08818193,1
s1169.structure.final,12.35826382,22.53781988,0.690654602,9.389226637,44.97596494,1
s680.structure.final,14.59896134,20.39815349,3.375649163,11.77149452,50.14425851,1
s1231.structure.final,13.50463222,14.34006699,2.01203578,17.6441313,47.50086629,1
s826.structure.final,22.62505109,12.0242014,1.539493546,10.28870828,46.47745432,1
s675.structure.final,14.62859685,14.33246352,3.612720349,15.77670075,48.35048147,1
s1427.structure.final,17.73169836,11.75132579,2.612264886,4.763162812,36.85845184,1
s1342.structure.final,8.386798787,5.672345067,0.817720644,10.47651207,25.35337657,1
s676.structure.final,12.76784745,17.80451454,4.127638994,9.621640142,44.32164113,1
s621.structure.final,12.21652125,26.48034742,2.266726566,9.31217932,50.27577456,1
s673.structure.final,14.72970437,12.04221045,3.021584734,10.52394752,40.31744708,1
s1280.structure.final,11.75371722,7.198972695,0.954041633,23.92268181,43.82941335,1
s750.structure.final,16.50047067,12.96966989,3.692542719,8.336590775,41.49927406,1
s1135.structure.final,18.87836551,17.33272518,2.5316484,10.4706903,49.21342939,1
s626.structure.final,14.67562601,13.8458868,7.752437439,13.13127747,49.40522772,1
s1041.structure.final,18.65227579,12.82695506,2.401556556,14.24131504,48.12210244,1
s617.structure.final,15.95775458,17.68416623,3.514440616,11.79163583,48.94799725,1
s778.structure.final,11.09071256,10.86126998,1.68406078,6.275546789,29.9115901,1
s646.structure.final,8.529453117,10.34424203,2.096164275,6.750452373,27.7203118,1
s1226.structure.final,12.96248254,14.87553993,1.643037197,14.79554996,44.27660964,1
s965.structure.final,12.0605179,16.70988918,1.895251584,9.920764034,40.58642271,1
s26.structure.final,9.520178856,12.21598768,15.33285946,7.934408957,45.00343495,1
s1409.structure.final,8.687775773,17.75462568,3.419742327,11.78512225,41.64726603,1
s1520.structure.final,8.906448867,25.92022609,2.910994508,9.373172085,47.11084155,1
s1573.structure.final,18.4305553,9.921619977,1.922800288,10.71537908,40.99035465,1
s964.structure.final,13.24427185,12.54519761,0.911981415,7.675899335,34.37735021,1
s1209.structure.final,11.20948139,11.50842485,1.290271582,12.51646075,36.52463858,1
s657.structure.final,15.55455878,15.41597767,3.305862584,12.62360164,46.90000067,1
s732.structure.final,18.36520066,14.68639905,2.030439361,4.662801789,39.74484086,1
s1112.structure.final,16.89482129,15.52259265,1.750184374,12.77822224,46.94582055,1
s1608.structure.final,18.75826948,9.439661606,3.770880821,12.78641162,44.75522353,1
s494.structure.final,8.467863902,13.21652681,1.604515147,22.98073304,46.2696389,1
s1570.structure.final,21.29373143,9.172802026,2.175169361,12.10683413,44.74853694,1
s1641.structure.final,10.81565433,11.64437814,4.659797489,12.0150101,39.13484006,1
s1582.structure.final,13.01361896,9.295857523,1.795677921,16.72094638,40.82610079,1
s1615.structure.final,14.90824935,12.76501266,2.598482316,12.50350763,42.77525195,1
s556.structure.final,12.94782773,19.31018453,4.073311014,10.69854567,47.02986895,1
s1048.structure.final,11.52220675,13.63055195,8.742585374,7.166753394,41.06209746,1
s930.structure.final,16.86552794,11.91669935,3.286738223,13.23075277,45.29971829,1
s615.structure.final,12.7153867,15.43632908,4.102424863,10.81994194,43.07408258,1
s1124.structure.final,7.371040673,12.60556807,2.023748973,24.5460084,46.54636611,1
s1162.structure.final,17.01012233,10.85576328,2.11550368,12.37136441,42.35275369,1
s592.structure.final,13.5044193,16.67472875,2.960270886,12.45846965,45.59788858,1
s15.structure.final,14.4176865,12.85129342,2.056463433,8.597757585,37.92320094,1
s1778.structure.final,17.39312383,11.6453909,2.633149445,13.32282888,44.99449304,1
s830.structure.final,12.85189321,14.05300473,2.843631512,12.78420895,42.5327384,1
s1384.structure.final,18.78815843,16.85251431,2.304334029,8.114713742,46.05972052,1
s1175.structure.final,16.02494827,16.0395664,3.071285995,11.50089884,46.63669951,1
s1286.structure.final,15.08910338,14.71872779,1.182855144,9.248925344,40.23961166,1
s531.structure.final,18.93275201,11.6095317,3.318725269,12.92976366,46.79077264,1
s1377.structure.final,16.58641338,11.72813969,5.457294448,12.65855177,46.43039929,1
s1424.structure.final,11.6993205,15.10532276,3.870328426,12.03227633,42.70724802,1
s1547.structure.final,15.71122152,15.30237987,3.930656902,11.60888075,46.55313904,1
s1413.structure.final,11.7397295,15.65438498,4.211298183,12.71128943,44.3167021,1
s1453.structure.final,7.489375632,21.24477377,4.140252115,7.922870754,40.79727227,1
s551.structure.final,14.48366847,11.26500362,2.4184717,9.706437761,37.87358155,1
s1211.structure.final,11.14736755,10.02596726,1.763181729,21.38874903,44.32526557,1
s612.structure.final,14.09549227,16.97772013,3.993041049,10.5998042,45.66605765,1
s1182.structure.final,15.05555814,11.13735708,2.302317146,11.40912264,39.904355,1
s829.structure.final,9.501999442,14.3136799,2.739468055,7.28517623,33.84032363,1
s1207.structure.final,16.99021356,11.75631769,1.492954958,15.66539627,45.90488247,1
s677.structure.final,11.08310996,19.22686278,2.83931667,6.136833986,39.28612339,1
s1361.structure.final,13.00265808,16.61301729,3.092154998,12.49055039,45.19838076,1
s683.structure.final,13.84940054,16.80417196,2.833606128,10.07998294,43.56716157,1
s475.structure.final,15.98143006,15.96045785,3.336054521,10.49485748,45.77279991,1
s1661.structure.final,12.21082277,15.09957755,2.632985602,10.11523982,40.05862574,1
s499.structure.final,18.69711293,13.87891449,2.390327021,8.084561549,43.05091599,1
s596.structure.final,11.55381474,14.25547736,3.198358913,20.8208045,49.82845551,1
s1556.structure.final,8.901799292,14.37980601,3.560003357,15.27013944,42.1117481,1
s1257.structure.final,10.80006108,14.13925064,2.234908139,10.22243885,37.39665871,1
s1074.structure.final,11.52533245,12.22663642,1.938508641,8.093325218,33.78380273,1
s1401.structure.final,6.892976849,15.23228623,4.233767246,7.150596305,33.50962663,1
s1390.structure.final,10.2302099,18.47454578,4.701006429,10.64655703,44.05231914,1
s1316.structure.final,23.72710165,10.05075191,2.158955841,8.811325893,44.74813529,1
s1219.structure.final,14.32131156,11.22928513,2.274230915,15.07772127,42.90254888,1
s993.structure.final,14.87166853,15.36847292,2.71875977,8.832418578,41.79131979,1
s719.structure.final,16.48183506,15.63886709,3.085662752,9.215481329,44.42184623,1
s766.structure.final,11.05335439,17.69014085,2.533675574,8.950024132,40.22719495,1
s663.structure.final,11.40712017,16.00004787,3.143201366,9.436651933,39.98702135,1
s625.structure.final,13.04467879,16.58198941,3.435573469,11.7816758,44.84391747,1
s704.structure.final,12.97065592,16.3541858,3.413399021,10.80742143,43.54566218,1
s527.structure.final,17.73782278,13.39578776,3.305398228,16.57599524,51.01500401,1
s1626.structure.final,11.96582881,10.37849985,3.014495896,11.15048086,36.50930541,1
s545.structure.final,15.42506386,12.7641236,2.689943681,17.95491526,48.8340464,1
s1006.structure.final,11.07946288,12.3167886,5.43094643,10.84362362,39.67082153,1
s953.structure.final,11.96437198,13.45743412,1.348281282,6.516514496,33.28660188,1
s1645.structure.final,15.2461272,13.31995696,1.672560866,8.431110725,38.66975575,1
s472.structure.final,15.45673082,15.13853377,2.241321541,16.66587961,49.50246575,1
s832.structure.final,15.75560108,16.39970424,3.357086601,9.49292848,45.0053204,1
s635.structure.final,7.475369682,14.69003692,2.172924536,7.202299032,31.54063017,1
s1233.structure.final,14.66669159,15.03398903,1.326877839,10.31146413,41.33902259,1
s1555.structure.final,10.93493865,16.1401257,4.377184232,7.91380958,39.36605816,1
s688.structure.final,12.44082781,16.29661096,4.504387304,10.54041497,43.78224104,1
s66.structure.final,11.87788295,14.02077041,1.826042966,7.048011921,34.77270824,1
s730.structure.final,17.34709714,14.25407966,3.321134813,9.23833506,44.16064667,1
s977.structure.final,14.08211019,13.60611775,2.436369025,12.71448341,42.83908038,1
s1253.structure.final,11.86044749,14.82341778,2.517849318,9.775528561,38.97724315,1
s1347.structure.final,13.93340481,14.91183445,1.317636258,7.442329075,37.60520459,1
s1140.structure.final,14.91490307,15.37396954,2.447499045,12.9132631,45.64963476,1
s579.structure.final,14.26721925,13.18664597,2.500999053,11.26552149,41.22038576,1
s669.structure.final,15.13138989,13.21242696,1.433634535,9.55649925,39.33395064,1
s573.structure.final,14.9360973,13.78874799,3.235296913,11.16811947,43.12826168,1
s517.structure.final,18.45588099,14.43953924,2.876809309,9.536705558,45.3089351,1
s1598.structure.final,15.11572463,15.31920261,3.384831188,11.96819201,45.78795044,1
s1287.structure.final,16.58542291,10.39356961,1.428745873,8.912473009,37.3202114,1
s672.structure.final,11.32061671,15.29476392,3.110914372,8.884822035,38.61111704,1
s1404.structure.final,10.19879204,16.29884321,3.854614491,7.121747572,37.47399731,1
s109.structure.final,15.20400429,9.868497232,2.766505611,12.03841133,39.87741847,1
s29.structure.final,14.69433767,11.56332357,2.463443574,8.967178347,37.68828316,1
s1172.structure.final,13.42230832,10.13872817,2.426767907,16.72799137,42.71579577,1
s566.structure.final,13.21217241,15.31187655,2.551979425,8.818010939,39.89403933,1
s1644.structure.final,15.66207217,11.60347121,2.020922932,9.854496449,39.14096276,1
s1210.structure.final,12.39644838,17.50095579,1.72681533,9.648399122,41.27261863,1
s888.structure.final,16.84234453,15.23106052,4.20070348,10.78707909,47.06118761,1
s1168.structure.final,16.05081408,15.97867063,1.502640032,13.61518846,47.14731321,1
s33.structure.final,13.20212832,17.37263613,1.566613977,6.498296935,38.63967535,1
s30.structure.final,15.52953921,20.45622141,1.767115644,11.68965393,49.4425302,1
s648.structure.final,12.45663161,16.8028739,3.811532032,11.39194958,44.46298712,1
s1236.structure.final,12.53894977,16.789565,5.66486819,6.312740116,41.30612308,1
s1726.structure.final,12.48575445,12.56345247,2.901312514,10.17987039,38.13038982,1
s396.structure.final,6.78348667,11.73519669,1.003312585,15.60538915,35.12738509,1
s700.structure.final,13.48419428,13.62974758,3.395592373,9.064356049,39.57389028,1
s1643.structure.final,12.13264811,10.30078542,1.354407059,12.44409968,36.23194027,1
s1583.structure.final,13.61450769,14.89973287,3.456111968,9.191216123,41.16156866,1
s658.structure.final,13.27623942,16.03257577,3.172571473,9.335977957,41.81736463,1
s1708.structure.final,15.90043947,17.55764582,1.828029945,7.337977874,42.62409311,1
s1664.structure.final,13.04703535,11.6947613,5.460562603,11.85510676,42.05746601,1
s1705.structure.final,13.37010036,12.97076405,2.340136522,10.66587573,39.34687667,1
s1655.structure.final,13.16366763,12.73660982,3.042949165,10.87488439,39.81811102,1
s1683.structure.final,16.81339442,10.1674302,2.979820237,12.94705844,42.90770329,1
s685.structure.final,14.33687568,15.67659715,3.569955595,10.64181526,44.22524368,1
s1412.structure.final,9.622028001,20.40272515,4.046396984,7.778514769,41.8496649,1
s1716.structure.final,17.12222934,17.14260286,2.370941782,4.666179847,41.30195382,1
s560.structure.final,15.76168348,16.65657989,4.087554522,12.02453207,48.53034996,1
s667.structure.final,13.06714313,11.22934022,5.657319141,12.00269646,41.95649895,1
s1440.structure.final,8.704626927,17.2738335,4.667359245,10.04625572,40.69207539,1
s14.structure.final,15.59855294,14.36478186,2.746551864,10.20751889,42.91740556,1
s520.structure.final,14.46265625,13.79924175,2.925624963,11.1917917,42.37931467,1
s541.structure.final,15.54499739,13.95340002,2.747801354,12.23759331,44.48379208,1
s749.structure.final,10.52386376,17.71279845,2.67608708,12.8520045,43.76475379,1
s523.structure.final,12.33726329,15.72893906,2.091678806,9.367033867,39.52491503,1
s796.structure.final,6.976523949,23.43172279,2.105409506,4.266632816,36.78028906,1
s789.structure.final,12.01792225,12.259102,1.972757395,11.14871718,37.39849883,1
s73.structure.final,11.25693443,12.0442584,2.778240637,6.795431916,32.87486538,1
s513.structure.final,14.84270437,15.04279539,3.190748969,10.48676544,43.56301417,1
s1548.structure.final,6.306599195,17.67938175,2.37828657,6.41111923,32.77538675,1
s1500.structure.final,10.26941478,13.31768578,3.247129659,6.089276322,32.92350655,1
s1448.structure.final,8.456289261,14.38945967,5.085345039,8.756612084,36.68770605,1
s1686.structure.final,9.243453521,14.62183233,1.863258961,8.624830433,34.35337524,1
s743.structure.final,10.34118169,6.259355685,1.523437056,5.841357905,23.96533233,1
s1431.structure.final,7.874272045,12.67838585,3.763309084,16.39385086,40.70981784,1
s1225.structure.final,17.71338055,12.86948526,2.992216079,19.31845074,52.89353263,1
s1235.structure.final,7.181218689,16.35755158,1.646643875,6.983527285,32.16894143,1
s1127.structure.final,12.64629433,13.37077223,2.593669671,14.36350878,42.97424502,1
s661.structure.final,12.32914291,20.65024983,2.977331879,8.043777629,44.00050225,1
s1307.structure.final,12.08652475,10.32672927,1.372892188,8.456221425,32.24236763,1
s1130.structure.final,14.58769122,14.30379955,2.827329352,9.848178917,41.56699904,1
s862.structure.final,10.82865307,11.70399753,2.138395965,8.550341842,33.22138841,1
s994.structure.final,11.23990928,14.39743419,2.209033462,9.100711342,36.94708827,1
s1132.structure.final,14.19656968,12.37659242,2.833034128,16.02296682,45.42916306,1
s76.structure.final,9.773657245,11.5303167,2.075827261,7.29464834,30.67444955,1
s522.structure.final,11.21224312,12.97087002,3.871334522,12.23889479,40.29334245,1
s1765.structure.final,17.53470861,7.651950534,1.831067465,4.354410921,31.37213753,1
s1469.structure.final,12.14897335,18.43084057,2.847074543,10.3548738,43.78176227,1
s1121.structure.final,9.606933341,18.12976566,3.224887157,10.44338929,41.40497545,1
s1680.structure.final,14.69817283,14.34973219,2.362185852,8.379318924,39.78940979,1
s450.structure.final,17.86423715,11.14598119,2.582039127,12.65947016,44.25172762,1
s644.structure.final,14.73012567,11.45103784,2.100042361,9.271039254,37.55224513,1
s713.structure.final,15.09420817,15.87182614,3.929013299,8.879938219,43.77498583,1
s1433.structure.final,6.343518225,10.10380317,5.782218135,5.829602175,28.05914171,1
s703.structure.final,12.10408353,15.58214984,3.504973488,9.629394598,40.82060145,1
s1305.structure.final,12.09834924,12.58466969,1.579474132,7.877321222,34.13981429,1
s1113.structure.final,13.21164882,13.65825559,6.641617489,11.71144685,45.22296876,1
s813.structure.final,11.36127461,12.82183153,2.708411377,11.42222815,38.31374566,1
s543.structure.final,20.22811897,13.0306838,2.495264845,11.30172868,47.05579629,1
s716.structure.final,14.60367509,14.93898664,3.674455674,9.03991668,42.25703408,1
s1375.structure.final,9.996107588,17.48629033,4.314664538,9.884262339,41.6813248,1
s639.structure.final,12.31847848,15.10604211,2.343268271,12.1994708,41.96725966,1
s1545.structure.final,10.96305609,15.24463189,4.580772014,8.442547261,39.23100725,1
s948.structure.final,10.1805935,12.71595056,2.954645988,9.245533404,35.09672345,1
s454.structure.final,11.9758168,14.14276737,2.181802384,8.873100837,37.17348739,1
s568.structure.final,14.4436634,16.75525301,2.127895911,9.472411129,42.79922345,1
s548.structure.final,4.634662003,10.74097032,1.479948196,17.88003232,34.73561284,1
s699.structure.final,9.663301034,13.14835925,3.298387753,7.984284667,34.09433271,1
s810.structure.final,18.95276555,9.853860464,3.408729979,12.8833676,45.09872359,1
s452.structure.final,8.733650954,13.76674074,1.378980098,6.523398969,30.40277076,1
s1693.structure.final,11.63133664,12.01159081,2.184564826,8.878796065,34.70628835,1
s18.structure.final,13.71663092,10.51464988,1.602508685,4.941124674,30.77491416,1
s39.structure.final,11.13403214,17.35650469,2.201508259,4.801578771,35.49362386,1
s22.structure.final,11.21497743,11.64985529,3.056527318,11.03318869,36.95454873,1
