ID,3-mer,Average Score,Frequency
1,R-Y-F,0.762476173,1
2,Q-F-F,0.757645365,7
3,K-Y-F,0.741903645,4
4,A-F-F,0.740856408,42
5,R-H-F,0.739056048,1
6,L-F-F,0.731580678,110
7,L-V-F,0.724796478,5
8,H-A-F,0.72347745,8
9,H-H-F,0.714499442,6
10,I-Y-F,0.712320504,109
11,L-L-F,0.711522122,3
12,M-T-F,0.709624586,11
13,H-Y-F,0.707245839,6
14,Y-T-F,0.705286838,71
15,F-H-F,0.699450159,1
16,T-F-F,0.698756915,4
17,H-F-F,0.698078636,1
18,A-T-F,0.695584889,6
19,L-H-F,0.688604373,15
20,A-L-F,0.686134088,30
21,T-H-F,0.684992732,2
22,L-I-F,0.682845002,6
23,M-H-F,0.68276753,2
24,L-Y-F,0.675139976,4
25,E-H-F,0.405431008,11
26,L-T-F,0.387142521,3
27,A-V-F,0.354040274,8
28,Q-H-F,0.329587171,77
29,A-D-L,0.154070563,1
30,A-E-A,0.154070563,5
31,A-K-A,0.154070563,6
32,A-T-Q,0.154070563,3
33,D-E-A,0.154070563,3
34,D-E-Q,0.154070563,2
35,D-G-Y,0.154070563,7
36,D-T-I,0.154070563,24
37,D-T-K,0.154070563,2
38,E-K-L,0.154070563,30
39,E-P-Q,0.154070563,3
40,E-T-H,0.154070563,1
41,E-T-I,0.154070563,6
42,E-T-L,0.154070563,1
43,F-G-Y,0.154070563,1
44,F-T-Q,0.154070563,11
45,G-E-Q,0.154070563,3
46,G-I-L,0.154070563,1
47,G-T-I,0.154070563,8
48,G-T-M,0.154070563,3
49,G-V-A,0.154070563,1
50,H-A-L,0.154070563,1
51,H-G-Y,0.154070563,2
52,H-P-Q,0.154070563,4
53,H-T-I,0.154070563,10
54,H-T-Q,0.154070563,13
55,I-A-L,0.154070563,5
56,I-E-Q,0.154070563,9
57,I-T-F,0.154070563,7
58,I-T-I,0.154070563,12
59,K-P-Q,0.154070563,11
60,K-S-L,0.154070563,7
61,K-T-Q,0.154070563,35
62,L-E-A,0.154070563,4
63,L-I-L,0.154070563,11
64,L-L-L,0.154070563,2
65,L-M-E,0.154070563,3
66,L-T-Q,0.154070563,3
67,N-E-H,0.154070563,8
68,N-E-Q,0.154070563,7
69,N-G-Q,0.154070563,11
70,N-G-Y,0.154070563,2
71,N-I-Q,0.154070563,71
72,N-I-R,0.154070563,6
73,N-T-I,0.154070563,68
74,N-V-L,0.154070563,5
75,P-E-A,0.154070563,7
76,P-E-Q,0.154070563,4
77,P-P-L,0.154070563,2
78,Q-A-Q,0.154070563,1
79,Q-E-A,0.154070563,1
80,Q-P-Q,0.154070563,37
81,Q-R-H,0.154070563,1
82,R-E-R,0.154070563,3
83,R-K-L,0.154070563,4
84,R-P-Q,0.154070563,5
85,R-T-I,0.154070563,7
86,R-T-Q,0.154070563,8
87,R-Y-L,0.154070563,4
88,S-G-Y,0.154070563,11
89,T-E-A,0.154070563,46
90,T-E-Q,0.154070563,5
91,T-F-Y,0.154070563,1
92,T-K-L,0.154070563,1
93,T-T-M,0.154070563,7
94,W-P-Q,0.154070563,5
95,Y-E-Q,0.154070563,8
96,Y-G-Y,0.154070563,44
97,Y-I-Q,0.154070563,6
98,Y-T-I,0.154070563,3
99,Y-T-Q,0.154070563,2
100,Y-E-H,0.150867027,15
101,A-L-H,0.147663491,3
102,A-Q-H,0.147663491,8
103,D-H-A,0.147663491,3
104,E-A-V,0.147663491,6
105,E-H-Y,0.147663491,5
106,E-L-F,0.147663491,85
107,E-L-L,0.147663491,5
108,E-L-V,0.147663491,10
109,E-Q-F,0.147663491,4
110,E-Q-H,0.147663491,9
111,E-Q-Y,0.147663491,7
112,E-R-H,0.147663491,11
113,F-Y-T,0.147663491,9
114,G-A-F,0.147663491,10
115,G-M-H,0.147663491,11
116,G-Q-Y,0.147663491,8
117,I-I-Y,0.147663491,4
118,I-L-H,0.147663491,4
119,I-L-Y,0.147663491,8
120,I-Q-H,0.147663491,2
121,I-Q-Y,0.147663491,74
122,I-R-Y,0.147663491,1
123,K-A-F,0.147663491,3
124,K-L-F,0.147663491,31
125,K-L-V,0.147663491,4
126,K-Q-Y,0.147663491,1
127,P-L-H,0.147663491,7
128,P-Q-H,0.147663491,50
129,R-H-H,0.147663491,2
130,S-T-F,0.147663491,6
131,T-F-H,0.147663491,1
132,T-H-Y,0.147663491,10
133,T-I-Y,0.147663491,109
134,T-K-Y,0.147663491,2
135,T-L-H,0.147663491,3
136,T-M-H,0.147663491,1
137,T-M-T,0.147663491,1
138,T-Q-H,0.147663491,19
139,T-Q-Y,0.147663491,212
140,T-T-H,0.147663491,1
141,Y-L-H,0.147663491,5
142,G-T-A,0.139021302,5
143,G-Y-E,0.137106518,3
144,M-E-H,0.135817766,5
145,V-L-T,0.135817766,14
146,A-I-I,0.13257854,4
147,G-E-A,0.13257854,8
148,L-T-L,0.13257854,2
149,V-K-A,0.13257854,8
150,R-A-L,0.13011042,5
151,A-S-T,0.129709707,12
152,E-L-I,0.126906884,2
153,A-C-E,0.123972042,7
154,A-I-A,0.123972042,2
155,A-I-P,0.123972042,9
156,A-I-Q,0.123972042,1
157,A-I-V,0.123972042,3
158,A-L-P,0.123972042,1
159,A-V-T,0.123972042,5
160,A-W-K,0.123972042,1
161,C-A-G,0.123972042,2
162,C-I-G,0.123972042,8
163,C-I-I,0.123972042,1
164,C-I-L,0.123972042,6
165,C-I-R,0.123972042,1
166,C-I-S,0.123972042,1
167,C-V-M,0.123972042,4
168,D-A-N,0.123972042,4
169,D-I-R,0.123972042,4
170,D-K-G,0.123972042,6
171,D-M-T,0.123972042,1
172,D-S-Q,0.123972042,1
173,D-T-L,0.123972042,6
174,E-A-Q,0.123972042,4
175,E-D-D,0.123972042,1
176,E-E-D,0.123972042,11
177,E-E-S,0.123972042,10
178,E-I-A,0.123972042,6
179,E-P-D,0.123972042,5
180,E-P-L,0.123972042,6
181,E-S-M,0.123972042,5
182,E-V-S,0.123972042,1
183,F-H-L,0.123972042,1
184,G-F-M,0.123972042,1
185,G-F-R,0.123972042,2
186,G-F-T,0.123972042,6
187,G-I-A,0.123972042,7
188,H-R-E,0.123972042,11
189,I-A-E,0.123972042,2
190,I-D-I,0.123972042,1
191,I-H-F,0.123972042,5
192,I-H-G,0.123972042,1
193,I-H-R,0.123972042,1
194,I-K-A,0.123972042,1
195,I-K-L,0.123972042,6
196,I-L-A,0.123972042,1
197,I-N-N,0.123972042,6
198,I-N-P,0.123972042,6
199,I-P-R,0.123972042,1
200,I-S-K,0.123972042,7
201,I-S-T,0.123972042,1
202,K-F-W,0.123972042,2
203,K-M-G,0.123972042,1
204,K-R-A,0.123972042,2
205,K-Y-T,0.123972042,3
206,L-A-T,0.123972042,1
207,L-I-E,0.123972042,1
208,L-V-A,0.123972042,6
209,M-D-Q,0.123972042,1
210,M-E-L,0.123972042,1
211,P-K-L,0.123972042,5
212,P-L-L,0.123972042,4
213,P-S-H,0.123972042,1
214,P-W-G,0.123972042,4
215,R-P-F,0.123972042,4
216,R-P-L,0.123972042,4
217,R-R-S,0.123972042,7
218,R-S-P,0.123972042,1
219,R-V-Q,0.123972042,2
220,S-E-H,0.123972042,1
221,S-E-K,0.123972042,10
222,S-E-N,0.123972042,13
223,S-E-V,0.123972042,3
224,S-F-F,0.123972042,4
225,S-H-V,0.123972042,3
226,S-I-T,0.123972042,1
227,S-K-D,0.123972042,11
228,S-L-I,0.123972042,1
229,S-L-Y,0.123972042,8
230,S-M-A,0.123972042,1
231,S-M-F,0.123972042,4
232,S-M-V,0.123972042,5
233,S-P-H,0.123972042,1
234,S-P-V,0.123972042,1
235,S-Q-Y,0.123972042,4
236,S-S-N,0.123972042,6
237,S-V-I,0.123972042,7
238,S-V-N,0.123972042,4
239,S-V-W,0.123972042,4
240,T-K-S,0.123972042,3
241,T-L-G,0.123972042,1
242,T-N-P,0.123972042,2
243,T-R-L,0.123972042,4
244,T-S-M,0.123972042,1
245,T-V-Q,0.123972042,6
246,V-D-Q,0.123972042,11
247,V-D-V,0.123972042,1
248,V-E-M,0.123972042,8
249,V-I-Q,0.123972042,1
250,V-L-A,0.123972042,8
251,V-P-L,0.123972042,4
252,V-P-Y,0.123972042,3
253,V-S-E,0.123972042,1
254,V-S-I,0.123972042,3
255,V-V-V,0.123972042,1
256,W-P-G,0.123972042,3
257,W-T-V,0.123972042,2
258,Y-D-P,0.123972042,1
259,Y-P-E,0.123972042,1
260,Y-R-G,0.123972042,5
261,I-K-P,0.122057257,3
262,K-E-T,0.122057257,10
263,A-D-T,0.120142473,8
264,A-E-T,0.120142473,12
265,A-K-G,0.120142473,1
266,A-N-G,0.120142473,4
267,A-N-V,0.120142473,3
268,A-Y-G,0.120142473,1
269,D-A-T,0.120142473,1
270,D-E-K,0.120142473,8
271,D-I-A,0.120142473,3
272,D-K-P,0.120142473,1
273,D-N-T,0.120142473,6
274,D-Q-A,0.120142473,1
275,D-Q-P,0.120142473,7
276,D-T-E,0.120142473,4
277,D-Y-G,0.120142473,5
278,E-G-E,0.120142473,1
279,E-K-P,0.120142473,4
280,E-Y-T,0.120142473,1
281,F-D-T,0.120142473,1
282,F-E-T,0.120142473,4
283,F-G-E,0.120142473,4
284,F-K-T,0.120142473,5
285,F-N-E,0.120142473,5
286,F-N-G,0.120142473,5
287,F-T-E,0.120142473,5
288,G-A-E,0.120142473,2
289,G-A-I,0.120142473,1
290,G-H-T,0.120142473,4
291,G-I-D,0.120142473,5
292,G-Y-G,0.120142473,10
293,H-G-E,0.120142473,5
294,H-Y-G,0.120142473,14
295,I-D-T,0.120142473,8
296,I-H-P,0.120142473,4
297,I-K-T,0.120142473,11
298,I-T-E,0.120142473,5
299,I-W-P,0.120142473,4
300,I-Y-T,0.120142473,1
301,K-A-E,0.120142473,1
302,K-E-K,0.120142473,3
303,K-E-P,0.120142473,1
304,K-K-P,0.120142473,1
305,K-K-T,0.120142473,8
306,K-N-I,0.120142473,72
307,K-R-T,0.120142473,3
308,K-S-E,0.120142473,3
309,K-T-E,0.120142473,1
310,K-Y-G,0.120142473,1
311,K-Y-I,0.120142473,6
312,L-D-T,0.120142473,3
313,L-E-T,0.120142473,3
314,L-H-T,0.120142473,4
315,L-L-M,0.120142473,6
316,L-Q-P,0.120142473,1
317,L-V-E,0.120142473,6
318,L-Y-G,0.120142473,4
319,M-E-T,0.120142473,1
320,M-K-T,0.120142473,4
321,M-Y-G,0.120142473,2
322,N-E-K,0.120142473,15
323,N-K-S,0.120142473,1
324,N-Q-P,0.120142473,22
325,N-T-E,0.120142473,32
326,N-Y-E,0.120142473,1
327,N-Y-G,0.120142473,16
328,P-A-K,0.120142473,6
329,P-D-T,0.120142473,7
330,P-E-T,0.120142473,2
331,P-S-E,0.120142473,3
332,P-T-E,0.120142473,3
333,P-Y-G,0.120142473,1
334,Q-D-E,0.120142473,6
335,Q-E-T,0.120142473,43
336,Q-H-A,0.120142473,1
337,Q-I-K,0.120142473,1
338,R-I-T,0.120142473,6
339,R-L-L,0.120142473,7
340,R-N-I,0.120142473,7
341,R-Y-T,0.120142473,1
342,S-Y-G,0.120142473,5
343,T-D-T,0.120142473,22
344,T-E-K,0.120142473,3
345,T-E-T,0.120142473,1
346,T-H-G,0.120142473,5
347,T-K-T,0.120142473,6
348,T-N-T,0.120142473,6
349,T-T-E,0.120142473,5
350,T-Y-G,0.120142473,1
351,V-R-T,0.120142473,1
352,V-Y-E,0.120142473,3
353,W-A-T,0.120142473,5
354,W-E-T,0.120142473,2
355,W-Q-P,0.120142473,4
356,Y-E-K,0.120142473,15
357,Y-G-T,0.120142473,1
358,Y-H-T,0.120142473,3
359,Y-N-E,0.120142473,8
360,Y-Q-P,0.120142473,4
361,Y-T-E,0.120142473,7
362,Y-Y-G,0.120142473,2
363,V-E-T,0.118400344,9
364,D-P-Q,0.11752928,4
365,E-K-G,0.11752928,4
366,E-P-R,0.11752928,8
367,E-S-I,0.11752928,4
368,I-K-K,0.11752928,3
369,I-R-D,0.11752928,8
370,I-V-V,0.11752928,3
371,I-Y-L,0.11752928,2
372,R-R-D,0.11752928,5
373,S-D-L,0.11752928,4
374,S-D-Q,0.11752928,2
375,S-E-Q,0.11752928,9
376,S-I-R,0.11752928,13
377,S-V-Q,0.11752928,12
378,V-E-R,0.11752928,11
379,V-Q-G,0.11752928,6
380,V-Q-P,0.11752928,4
381,D-E-T,0.115614495,7
382,E-D-T,0.115614495,15
383,E-K-T,0.115614495,9
384,G-P-P,0.115614495,3
385,H-F-T,0.115614495,3
386,I-E-P,0.115614495,3
387,I-L-T,0.115614495,7
388,R-E-G,0.115614495,9
389,S-K-T,0.115614495,5
390,I-R-R,0.11506116,3
391,I-S-S,0.11506116,5
392,S-I-Y,0.11506116,2
393,S-P-L,0.11506116,11
394,S-R-V,0.11506116,9
395,S-S-W,0.11506116,9
396,V-D-A,0.11506116,15
397,V-E-K,0.11506116,2
398,A-I-G,0.113736279,15
399,E-D-W,0.113736279,11
400,I-R-Q,0.113736279,5
401,I-S-I,0.113736279,13
402,I-S-V,0.113736279,7
403,I-V-L,0.113736279,7
404,S-D-P,0.113736279,14
405,S-I-D,0.113736279,13
406,S-I-K,0.113736279,5
407,S-V-L,0.113736279,15
408,A-I-T,0.113146375,2
409,A-L-T,0.113146375,2
410,Q-D-T,0.113146375,3
411,I-K-Q,0.11228318,4
412,Q-G-Y,0.11228318,11
413,R-E-L,0.11228318,2
414,R-E-Q,0.11228318,4
415,A-L-D,0.111086517,1
416,A-N-R,0.111086517,1
417,A-Q-G,0.111086517,3
418,A-S-Y,0.111086517,4
419,A-T-E,0.111086517,2
420,C-E-S,0.111086517,4
421,C-S-G,0.111086517,1
422,D-D-G,0.111086517,10
423,D-D-S,0.111086517,1
424,D-D-T,0.111086517,6
425,D-I-W,0.111086517,8
426,D-L-T,0.111086517,2
427,D-P-D,0.111086517,1
428,D-P-T,0.111086517,8
429,D-Q-S,0.111086517,4
430,D-V-G,0.111086517,1
431,D-W-D,0.111086517,1
432,D-W-L,0.111086517,2
433,D-W-R,0.111086517,1
434,E-D-V,0.111086517,2
435,E-E-P,0.111086517,1
436,E-E-V,0.111086517,11
437,E-G-H,0.111086517,6
438,E-H-P,0.111086517,1
439,E-H-R,0.111086517,1
440,E-N-R,0.111086517,1
441,E-Q-V,0.111086517,5
442,E-R-P,0.111086517,12
443,E-S-Q,0.111086517,5
444,E-S-T,0.111086517,3
445,F-F-L,0.111086517,4
446,F-M-R,0.111086517,5
447,F-N-R,0.111086517,2
448,F-W-T,0.111086517,2
449,G-N-L,0.111086517,11
450,G-N-R,0.111086517,1
451,G-R-R,0.111086517,5
452,H-G-S,0.111086517,10
453,H-L-A,0.111086517,1
454,H-V-G,0.111086517,2
455,I-A-G,0.111086517,2
456,I-A-R,0.111086517,3
457,I-D-S,0.111086517,1
458,I-G-D,0.111086517,2
459,I-G-K,0.111086517,5
460,I-G-P,0.111086517,2
461,I-G-Q,0.111086517,9
462,I-I-K,0.111086517,9
463,I-P-S,0.111086517,5
464,I-Q-E,0.111086517,1
465,I-Q-I,0.111086517,3
466,I-R-H,0.111086517,5
467,I-R-I,0.111086517,1
468,I-S-F,0.111086517,2
469,I-V-D,0.111086517,5
470,I-W-R,0.111086517,2
471,K-A-H,0.111086517,3
472,K-D-P,0.111086517,1
473,K-G-F,0.111086517,6
474,K-L-A,0.111086517,10
475,K-L-R,0.111086517,2
476,K-P-G,0.111086517,11
477,K-S-G,0.111086517,1
478,L-I-D,0.111086517,7
479,L-L-V,0.111086517,3
480,L-Y-S,0.111086517,1
481,M-A-E,0.111086517,6
482,M-F-G,0.111086517,1
483,M-G-N,0.111086517,3
484,M-T-G,0.111086517,6
485,M-V-T,0.111086517,1
486,N-N-G,0.111086517,1
487,N-P-G,0.111086517,1
488,P-A-A,0.111086517,1
489,P-D-H,0.111086517,5
490,P-G-H,0.111086517,3
491,P-H-G,0.111086517,4
492,P-K-I,0.111086517,4
493,P-L-D,0.111086517,1
494,P-L-R,0.111086517,1
495,P-V-R,0.111086517,3
496,P-Y-A,0.111086517,1
497,Q-P-K,0.111086517,1
498,Q-Y-G,0.111086517,7
499,R-I-R,0.111086517,3
500,R-L-P,0.111086517,1
501,R-L-Q,0.111086517,1
502,R-L-R,0.111086517,2
503,R-S-R,0.111086517,4
504,S-A-H,0.111086517,2
505,S-D-A,0.111086517,1
506,S-D-D,0.111086517,1
507,S-D-N,0.111086517,1
508,S-F-R,0.111086517,10
509,S-H-G,0.111086517,1
510,S-I-H,0.111086517,1
511,S-I-N,0.111086517,1
512,S-K-A,0.111086517,1
513,S-K-Q,0.111086517,1
514,S-L-D,0.111086517,3
515,S-N-L,0.111086517,1
516,S-P-A,0.111086517,1
517,S-P-N,0.111086517,9
518,S-T-N,0.111086517,2
519,S-V-H,0.111086517,3
520,T-G-M,0.111086517,1
521,T-L-L,0.111086517,4
522,T-S-S,0.111086517,5
523,T-V-E,0.111086517,1
524,V-A-E,0.111086517,2
525,V-A-Q,0.111086517,7
526,V-A-R,0.111086517,9
527,V-A-W,0.111086517,1
528,V-D-F,0.111086517,2
529,V-D-M,0.111086517,1
530,V-E-F,0.111086517,1
531,V-I-G,0.111086517,8
532,V-I-L,0.111086517,5
533,V-L-D,0.111086517,1
534,V-L-Q,0.111086517,1
535,V-M-E,0.111086517,8
536,V-N-G,0.111086517,4
537,V-S-L,0.111086517,1
538,V-S-R,0.111086517,6
539,V-V-E,0.111086517,3
540,W-K-G,0.111086517,2
541,W-S-G,0.111086517,1
542,W-S-I,0.111086517,5
543,Y-E-S,0.111086517,1
544,Y-S-T,0.111086517,3
545,E-A-L,0.109079644,23
546,I-R-A,0.108618397,4
547,I-R-P,0.108618397,3
548,S-E-P,0.108618397,3
549,S-I-L,0.108618397,6
550,I-D-H,0.108502787,4
551,S-G-A,0.107641543,13
552,I-R-G,0.106369421,8
553,0-C-V,0.106150277,5
554,A-D-S,0.106150277,1
555,A-E-I,0.106150277,7
556,A-F-H,0.106150277,1
557,A-G-I,0.106150277,9
558,A-I-H,0.106150277,7
559,A-I-N,0.106150277,9
560,A-M-E,0.106150277,1
561,A-S-E,0.106150277,11
562,A-S-M,0.106150277,5
563,A-T-R,0.106150277,6
564,C-A-C,0.106150277,5
565,C-I-A,0.106150277,8
566,E-I-H,0.106150277,8
567,E-W-P,0.106150277,11
568,E-Y-P,0.106150277,1
569,I-K-M,0.106150277,6
570,I-K-R,0.106150277,1
571,I-R-S,0.106150277,1
572,I-S-H,0.106150277,5
573,I-Y-D,0.106150277,2
574,L-T-V,0.106150277,3
575,M-G-S,0.106150277,1
576,P-A-V,0.106150277,2
577,Q-D-M,0.106150277,9
578,Q-G-F,0.106150277,3
579,Q-G-R,0.106150277,12
580,R-P-R,0.106150277,5
581,R-R-V,0.106150277,5
582,S-A-I,0.106150277,8
583,S-K-E,0.106150277,5
584,S-K-F,0.106150277,2
585,S-M-E,0.106150277,6
586,S-T-K,0.106150277,1
587,T-S-R,0.106150277,1
588,V-K-Y,0.106150277,1
589,V-P-K,0.106150277,2
590,V-P-S,0.106150277,5
591,V-P-W,0.106150277,1
592,Y-S-I,0.106150277,3
593,E-T-Q,0.103315991,131
594,G-T-Q,0.103315991,16
595,L-I-Q,0.103315991,3
596,T-G-Y,0.103315991,2
597,I-S-A,0.102926158,7
598,I-S-P,0.102926158,5
599,S-E-S,0.102926158,24
600,S-L-A,0.102926158,9
601,S-S-A,0.102926158,17
602,V-D-T,0.102926158,10
603,V-E-A,0.102926158,9
604,V-E-P,0.102926158,9
605,V-E-V,0.102926158,13
606,V-V-A,0.102926158,16
607,I-R-T,0.101940613,8
608,D-L-A,0.101851452,11
609,E-D-L,0.101851452,10
610,E-S-L,0.101851452,7
611,I-K-G,0.101851452,9
612,I-S-L,0.101851452,8
613,S-E-G,0.101851452,13
614,S-F-G,0.101851452,8
615,S-G-Q,0.101851452,14
616,V-D-D,0.101851452,9
617,V-D-S,0.101851452,8
618,V-D-W,0.101851452,6
619,V-E-S,0.101851452,8
620,D-G-T,0.100574929,8
621,S-E-T,0.100574929,11
622,I-R-L,0.100206039,4
623,V-E-L,0.100169179,9
624,G-Y-T,0.100112455,71
625,V-D-G,0.100020764,14
626,E-A-F,0.099900903,45
627,S-L-H,0.099900903,2
628,D-T-Q,0.099476293,49
629,E-G-M,0.099476293,2
630,I-I-L,0.099476293,4
631,L-A-E,0.098929516,8
632,S-A-E,0.098750943,8
633,S-I-P,0.098442564,8
634,S-G-L,0.098355107,8
635,A-I-K,0.098336788,17
636,S-S-M,0.098336788,10
637,S-S-V,0.098336788,16
638,A-E-P,0.09723392,2
639,S-E-L,0.09723392,5
640,S-I-I,0.09723392,7
641,S-R-L,0.09723392,2
642,S-V-S,0.09723392,3
643,S-E-A,0.096645002,11
644,I-S-R,0.096522715,6
645,S-V-A,0.096522715,10
646,T-S-D,0.096522715,7
647,V-D-P,0.096522715,11
648,S-Y-E,0.09633218,7
649,G-Q-F,0.096272757,5
650,T-A-T,0.096272757,9
651,V-A-F,0.096272757,2
652,D-W-T,0.095910864,3
653,E-D-R,0.095910864,7
654,S-I-S,0.095910864,7
655,S-M-D,0.095910864,7
656,V-V-L,0.095910864,19
657,S-D-I,0.095873326,4
658,E-E-K,0.095319135,11
659,E-E-T,0.095319135,19
660,M-G-G,0.095319135,7
661,T-G-E,0.095319135,45
662,V-K-T,0.095319135,2
663,D-I-Q,0.095133725,5
664,T-R-T,0.094596803,6
665,L-G-F,0.094227913,8
666,A-G-G,0.094115771,21
667,S-D-G,0.094115771,13
668,S-R-R,0.094086878,12
669,I-G-R,0.093313528,9
670,I-T-G,0.093313528,3
671,I-V-G,0.093313528,5
672,R-L-A,0.093313528,8
673,S-G-R,0.093313528,10
674,S-I-A,0.093313528,6
675,V-G-P,0.093313528,13
676,G-T-K,0.09291412,7
677,S-I-G,0.092853211,16
678,A-S-K,0.09276859,11
679,I-S-E,0.09276859,60
680,S-I-V,0.09276859,15
681,V-E-D,0.09276859,46
682,G-E-L,0.092375927,86
683,I-E-T,0.092037005,3
684,A-G-K,0.090791157,2
685,D-D-R,0.090791157,4
686,D-G-R,0.090791157,2
687,D-G-S,0.090791157,4
688,D-P-R,0.090791157,15
689,D-Q-G,0.090791157,4
690,D-R-T,0.090791157,2
691,E-A-G,0.090791157,6
692,E-P-G,0.090791157,8
693,E-P-T,0.090791157,6
694,E-V-G,0.090791157,9
695,E-V-R,0.090791157,6
696,F-T-G,0.090791157,4
697,G-D-R,0.090791157,10
698,I-A-P,0.090791157,6
699,I-D-L,0.090791157,4
700,I-D-P,0.090791157,5
701,I-E-G,0.090791157,2
702,K-K-G,0.090791157,3
703,L-R-T,0.090791157,7
704,S-E-R,0.090791157,7
705,S-G-F,0.090791157,3
706,S-I-Q,0.090791157,3
707,S-L-W,0.090791157,11
708,S-P-T,0.090791157,6
709,S-S-H,0.090791157,14
710,S-T-S,0.090791157,10
711,V-L-G,0.090791157,3
712,V-T-G,0.090791157,9
713,V-V-T,0.090791157,7
714,S-A-S,0.090444274,7
715,G-T-T,0.090062951,4
716,T-G-T,0.089873084,9
717,R-E-A,0.089816128,13
718,S-P-G,0.089528944,14
719,V-G-A,0.089528944,12
720,R-R-T,0.088465775,5
721,I-V-P,0.088323037,3
722,K-E-S,0.088323037,7
723,L-H-R,0.088323037,3
724,P-R-L,0.088323037,2
725,R-T-S,0.088323037,7
726,S-L-L,0.088323037,3
727,S-T-L,0.088323037,5
728,V-V-Q,0.088323037,3
729,E-S-K,0.088266731,2
730,G-A-L,0.088266731,3
731,L-L-T,0.088266731,2
732,R-D-E,0.088266731,2
733,R-D-L,0.088266731,4
734,R-L-E,0.088266731,7
735,R-V-A,0.088266731,6
736,S-L-P,0.088055178,4
737,V-G-E,0.087794213,9
738,P-R-D,0.087609095,7
739,V-D-R,0.087609095,20
740,V-V-G,0.087609095,24
741,S-G-P,0.087372939,5
742,W-S-V,0.087372939,13
743,R-Q-G,0.087119528,8
744,A-R-D,0.086375035,4
745,E-D-P,0.086375035,10
746,S-R-D,0.086375035,5
747,V-V-S,0.086375035,5
748,D-P-E,0.086351946,8
749,G-D-I,0.086351946,2
750,G-I-I,0.086351946,16
751,G-L-I,0.086351946,4
752,G-Q-P,0.086351946,7
753,G-T-E,0.086351946,8
754,L-T-E,0.086351946,5
755,L-Y-T,0.086351946,6
756,R-H-T,0.086351946,15
757,R-P-E,0.086351946,2
758,W-N-T,0.086351946,7
759,W-R-A,0.086351946,2
760,S-L-T,0.086140394,2
761,I-S-G,0.086067395,13
762,S-A-G,0.086067395,7
763,S-V-D,0.086067395,55
764,L-P-G,0.085073503,12
765,V-W-G,0.085073503,4
766,V-V-K,0.084939573,9
767,D-L-H,0.084908609,7
768,A-S-I,0.084427033,5
769,D-P-S,0.084427033,7
770,E-P-A,0.084427033,6
771,S-I-W,0.084427033,5
772,S-T-R,0.084427033,10
773,V-E-E,0.084296164,10
774,T-T-Q,0.083838002,9
775,S-R-E,0.083338771,14
776,R-D-R,0.083153654,12
777,D-P-K,0.083125501,4
778,A-G-Q,0.082907174,7
779,D-R-P,0.082512248,12
780,G-E-T,0.082512248,27
781,G-K-T,0.082512248,14
782,G-T-F,0.082512248,4
783,Q-R-T,0.082512248,2
784,R-E-T,0.082512248,15
785,T-G-I,0.082512248,7
786,L-T-G,0.082410751,8
787,A-S-G,0.082343086,5
788,Y-S-G,0.082343086,3
789,A-G-V,0.082168108,6
790,R-G-G,0.082168108,9
791,S-D-R,0.081831104,8
792,S-S-Q,0.081831104,26
793,D-G-V,0.081823969,5
794,D-H-R,0.081823969,2
795,D-T-A,0.081823969,8
796,G-E-N,0.081823969,6
797,I-L-R,0.081823969,2
798,P-A-R,0.081823969,2
799,P-D-R,0.081823969,3
800,R-S-G,0.081823969,3
801,R-V-E,0.081823969,6
802,S-W-D,0.081823969,2
803,W-G-Q,0.081823969,3
804,A-T-S,0.081785664,17
805,A-I-Y,0.081612416,2
806,S-M-G,0.081612416,5
807,V-P-A,0.081612416,5
808,V-E-G,0.08153609,23
809,R-D-T,0.081066563,15
810,S-D-T,0.081066563,6
811,D-P-G,0.08059956,12
812,D-R-S,0.08059956,7
813,E-G-G,0.08059956,10
814,R-P-G,0.079783288,8
815,A-T-N,0.079355849,9
816,R-V-S,0.079355849,7
817,S-D-K,0.079355849,2
818,0-C-I,0.079144296,7
819,C-S-I,0.079144296,10
820,R-A-G,0.079039011,11
821,R-G-Y,0.07876772,5
822,E-L-G,0.07867006,4
823,E-R-G,0.078506765,13
824,P-G-T,0.078506765,8
825,S-S-T,0.078486465,13
826,S-S-R,0.078451127,6
827,G-S-G,0.078216305,15
828,E-E-G,0.078047911,4
829,A-E-N,0.077984271,2
830,A-T-T,0.077984271,6
831,D-G-A,0.077984271,5
832,D-L-I,0.077984271,2
833,E-A-R,0.077984271,6
834,E-D-G,0.077984271,8
835,E-G-P,0.077984271,9
836,E-G-V,0.077984271,4
837,E-L-A,0.077984271,5
838,E-L-W,0.077984271,6
839,E-Q-G,0.077984271,8
840,E-R-D,0.077984271,2
841,E-S-N,0.077984271,8
842,E-V-W,0.077984271,6
843,G-R-W,0.077984271,2
844,I-G-L,0.077984271,8
845,I-G-T,0.077984271,10
846,K-G-L,0.077984271,3
847,K-G-S,0.077984271,8
848,L-A-S,0.077984271,4
849,P-F-S,0.077984271,10
850,P-Q-R,0.077984271,3
851,R-D-H,0.077984271,10
852,S-E-E,0.077984271,4
853,S-R-I,0.077984271,2
854,S-W-T,0.077984271,3
855,T-G-P,0.077984271,8
856,V-L-S,0.077984271,12
857,S-V-P,0.077906876,9
858,V-E-I,0.077906876,3
859,V-V-D,0.077906876,9
860,A-I-R,0.077864594,36
861,W-G-E,0.077011459,8
862,S-V-G,0.076706979,13
863,R-G-S,0.076413336,16
864,I-W-D,0.076402498,11
865,S-R-P,0.076261463,6
866,V-V-I,0.075857735,8
867,G-A-D,0.075734936,10
868,S-S-F,0.075652343,16
869,W-S-D,0.075516151,2
870,A-E-G,0.075488113,3
871,D-A-G,0.075488113,4
872,D-L-G,0.075488113,11
873,E-G-L,0.075488113,6
874,E-S-G,0.075488113,9
875,E-T-G,0.075488113,15
876,F-G-G,0.075488113,3
877,G-S-S,0.075488113,11
878,K-G-G,0.075488113,16
879,P-R-T,0.075488113,3
880,R-G-D,0.075488113,4
881,R-G-R,0.075488113,12
882,V-G-R,0.075488113,8
883,V-V-R,0.075488113,5
884,V-A-G,0.075427079,12
885,A-G-Y,0.075023191,5
886,K-G-Y,0.075023191,3
887,S-T-E,0.074425151,14
888,S-Y-S,0.074065658,8
889,R-G-T,0.073947342,14
890,V-D-L,0.073842699,5
891,A-G-R,0.073805162,5
892,R-G-P,0.073805162,9
893,S-W-G,0.073805162,12
894,S-A-T,0.073664127,8
895,T-S-G,0.073454264,17
896,S-R-G,0.073407894,14
897,S-S-S,0.072613344,18
898,V-V-P,0.072613344,16
899,G-R-Y,0.072528639,3
900,L-S-G,0.072528639,5
901,R-K-G,0.072528639,7
902,R-R-K,0.072528639,7
903,S-S-G,0.072371281,27
904,S-S-I,0.072310837,67
905,L-L-Y,0.071819655,2
906,L-E-G,0.071070871,3
907,G-R-I,0.070898949,4
908,S-I-E,0.070898949,11
909,G-P-G,0.070818319,11
910,I-G-G,0.070818319,7
911,A-D-V,0.070495797,1
912,A-G-F,0.070495797,3
913,A-G-W,0.070495797,2
914,A-H-R,0.070495797,1
915,A-H-V,0.070495797,8
916,A-P-G,0.070495797,13
917,A-S-P,0.070495797,6
918,A-W-D,0.070495797,1
919,A-W-G,0.070495797,5
920,A-W-T,0.070495797,1
921,D-D-A,0.070495797,5
922,D-F-P,0.070495797,3
923,D-F-R,0.070495797,11
924,D-H-G,0.070495797,5
925,D-H-S,0.070495797,6
926,D-L-S,0.070495797,4
927,D-L-W,0.070495797,1
928,D-M-L,0.070495797,1
929,D-N-W,0.070495797,6
930,D-R-I,0.070495797,2
931,D-R-Q,0.070495797,1
932,D-S-R,0.070495797,1
933,D-S-V,0.070495797,2
934,D-T-R,0.070495797,1
935,D-V-R,0.070495797,5
936,E-A-A,0.070495797,3
937,E-A-S,0.070495797,1
938,E-D-H,0.070495797,1
939,E-E-R,0.070495797,5
940,E-F-S,0.070495797,1
941,E-G-Y,0.070495797,5
942,E-I-T,0.070495797,1
943,E-N-S,0.070495797,2
944,E-P-I,0.070495797,6
945,E-Q-S,0.070495797,2
946,E-R-R,0.070495797,4
947,E-S-A,0.070495797,8
948,E-T-T,0.070495797,1
949,E-V-A,0.070495797,1
950,E-V-K,0.070495797,2
951,E-V-V,0.070495797,3
952,F-G-A,0.070495797,6
953,F-G-V,0.070495797,8
954,F-L-A,0.070495797,1
955,F-R-E,0.070495797,3
956,G-D-F,0.070495797,1
957,G-H-E,0.070495797,1
958,G-H-S,0.070495797,1
959,G-M-V,0.070495797,1
960,G-N-A,0.070495797,4
961,G-P-Y,0.070495797,3
962,G-S-L,0.070495797,1
963,G-S-Q,0.070495797,2
964,G-V-L,0.070495797,5
965,H-G-R,0.070495797,1
966,H-G-T,0.070495797,1
967,H-R-K,0.070495797,7
968,H-R-T,0.070495797,1
969,I-A-A,0.070495797,9
970,I-A-H,0.070495797,10
971,I-D-E,0.070495797,1
972,I-D-G,0.070495797,6
973,I-D-M,0.070495797,1
974,I-E-L,0.070495797,6
975,I-E-S,0.070495797,9
976,I-H-L,0.070495797,1
977,I-I-F,0.070495797,3
978,I-K-I,0.070495797,4
979,I-L-D,0.070495797,1
980,I-L-L,0.070495797,1
981,I-N-W,0.070495797,10
982,I-Q-A,0.070495797,1
983,I-Q-S,0.070495797,1
984,I-R-K,0.070495797,7
985,I-V-W,0.070495797,3
986,I-V-Y,0.070495797,5
987,I-Y-R,0.070495797,4
988,K-A-A,0.070495797,1
989,K-E-G,0.070495797,2
990,K-G-A,0.070495797,11
991,K-Q-D,0.070495797,7
992,K-T-D,0.070495797,11
993,L-A-R,0.070495797,4
994,L-D-C,0.070495797,11
995,L-D-R,0.070495797,6
996,L-E-V,0.070495797,5
997,L-G-V,0.070495797,3
998,L-I-R,0.070495797,6
999,L-L-G,0.070495797,6
1000,L-L-Q,0.070495797,1
1001,L-Q-G,0.070495797,2
1002,L-R-Q,0.070495797,3
1003,L-S-A,0.070495797,5
1004,L-S-S,0.070495797,3
1005,L-T-S,0.070495797,1
1006,L-V-D,0.070495797,9
1007,L-W-E,0.070495797,3
1008,M-D-I,0.070495797,8
1009,M-D-R,0.070495797,5
1010,M-E-R,0.070495797,8
1011,M-E-Y,0.070495797,5
1012,M-G-I,0.070495797,1
1013,M-R-V,0.070495797,5
1014,N-G-G,0.070495797,3
1015,N-L-A,0.070495797,2
1016,N-R-D,0.070495797,3
1017,N-R-G,0.070495797,3
1018,P-D-L,0.070495797,2
1019,P-D-S,0.070495797,1
1020,P-G-S,0.070495797,1
1021,P-K-P,0.070495797,4
1022,P-R-Q,0.070495797,3
1023,P-R-W,0.070495797,4
1024,P-T-A,0.070495797,1
1025,P-T-D,0.070495797,1
1026,P-T-S,0.070495797,2
1027,Q-E-K,0.070495797,1
1028,Q-E-W,0.070495797,2
1029,Q-G-H,0.070495797,8
1030,Q-I-M,0.070495797,11
1031,Q-P-R,0.070495797,3
1032,Q-R-G,0.070495797,1
1033,Q-V-A,0.070495797,1
1034,R-A-S,0.070495797,1
1035,R-H-S,0.070495797,4
1036,R-I-F,0.070495797,1
1037,R-I-G,0.070495797,9
1038,R-P-H,0.070495797,4
1039,R-P-T,0.070495797,1
1040,R-S-K,0.070495797,2
1041,R-W-L,0.070495797,1
1042,S-A-Q,0.070495797,6
1043,S-D-E,0.070495797,3
1044,S-E-M,0.070495797,9
1045,S-F-D,0.070495797,1
1046,S-F-W,0.070495797,6
1047,S-H-S,0.070495797,1
1048,S-M-Q,0.070495797,1
1049,S-N-D,0.070495797,1
1050,S-R-T,0.070495797,4
1051,S-T-P,0.070495797,9
1052,S-T-T,0.070495797,9
1053,S-Y-T,0.070495797,2
1054,T-A-S,0.070495797,3
1055,T-E-G,0.070495797,8
1056,T-F-Q,0.070495797,1
1057,T-L-T,0.070495797,6
1058,T-N-F,0.070495797,1
1059,T-N-L,0.070495797,9
1060,T-T-K,0.070495797,2
1061,V-A-N,0.070495797,13
1062,V-A-V,0.070495797,1
1063,V-E-Q,0.070495797,9
1064,V-G-I,0.070495797,1
1065,V-G-S,0.070495797,1
1066,V-H-P,0.070495797,1
1067,V-H-R,0.070495797,5
1068,V-L-I,0.070495797,5
1069,V-L-R,0.070495797,3
1070,V-Q-R,0.070495797,1
1071,V-R-A,0.070495797,9
1072,W-G-G,0.070495797,1
1073,W-L-T,0.070495797,3
1074,W-R-D,0.070495797,2
1075,W-R-G,0.070495797,3
1076,W-R-R,0.070495797,1
1077,W-T-D,0.070495797,5
1078,W-T-T,0.070495797,3
1079,Y-G-S,0.070495797,7
1080,Y-L-V,0.070495797,6
1081,Y-R-N,0.070495797,7
1082,Y-S-W,0.070495797,1
1083,V-G-T,0.070052405,8
1084,S-G-T,0.069967784,7
1085,C-A-T,0.06992788,20
1086,G-G-R,0.06975644,8
1087,R-D-S,0.06975644,7
1088,T-G-G,0.06975644,14
1089,T-G-Q,0.06975644,9
1090,S-L-E,0.069650663,7
1091,E-M-G,0.069509987,4
1092,G-D-L,0.069509987,7
1093,G-G-P,0.069509987,7
1094,G-R-M,0.069509987,7
1095,P-E-G,0.069509987,7
1096,R-G-Q,0.069509987,8
1097,R-R-G,0.069509987,16
1098,S-G-K,0.069509987,6
1099,S-G-S,0.069509987,10
1100,P-G-Q,0.06928244,12
1101,S-T-G,0.06928244,5
1102,R-D-G,0.068021708,9
1103,V-S-G,0.068021708,4
1104,S-S-P,0.067334514,26
1105,S-D-S,0.067042745,14
1106,D-R-G,0.066495603,32
1107,V-P-G,0.066495603,13
1108,G-L-A,0.066232815,12
1109,G-Q-G,0.066232815,25
1110,S-Q-G,0.066232815,8
1111,S-L-R,0.066197476,11
1112,G-G-E,0.065857342,20
1113,L-G-G,0.065857342,10
1114,S-V-E,0.065324236,118
1115,G-T-S,0.065245567,10
1116,A-G-T,0.06492965,13
1117,G-F-G,0.06492965,6
1118,S-A-R,0.063700636,8
1119,G-G-Y,0.063597124,16
1120,Q-G-A,0.063525309,13
1121,D-T-G,0.063481219,10
1122,E-G-D,0.063481219,11
1123,I-S-D,0.063120691,39
1124,G-L-Y,0.062840444,8
1125,S-L-G,0.062241016,19
1126,C-S-A,0.061891506,18
1127,A-G-P,0.061528609,4
1128,D-G-K,0.061528609,4
1129,D-H-L,0.061528609,6
1130,D-W-Q,0.061528609,11
1131,F-S-G,0.061528609,2
1132,G-E-R,0.061528609,12
1133,G-G-D,0.061528609,2
1134,G-N-P,0.061528609,2
1135,G-P-F,0.061528609,2
1136,G-P-S,0.061528609,4
1137,G-R-Q,0.061528609,10
1138,G-R-T,0.061528609,3
1139,G-V-S,0.061528609,9
1140,G-V-T,0.061528609,3
1141,I-D-R,0.061528609,7
1142,K-G-R,0.061528609,2
1143,L-D-G,0.061528609,6
1144,L-R-V,0.061528609,2
1145,L-R-W,0.061528609,6
1146,P-Q-G,0.061528609,7
1147,Q-G-L,0.061528609,11
1148,R-A-V,0.061528609,10
1149,S-E-I,0.061528609,7
1150,S-R-N,0.061528609,2
1151,S-V-R,0.061528609,4
1152,T-G-F,0.061528609,5
1153,W-T-G,0.061528609,10
1154,W-S-R,0.061317056,8
1155,W-D-R,0.060751269,6
1156,A-S-R,0.060558637,25
1157,A-I-L,0.05997393,6
1158,D-R-L,0.05997393,5
1159,D-W-A,0.05997393,9
1160,I-P-D,0.05997393,7
1161,R-E-D,0.05997393,8
1162,V-S-D,0.05997393,6
1163,D-G-G,0.059793877,12
1164,E-G-T,0.059793877,10
1165,G-R-E,0.059793877,14
1166,A-W-S,0.059003675,18
1167,A-G-D,0.05883142,12
1168,F-P-E,0.05879668,2
1169,V-G-Q,0.058590414,11
1170,A-R-G,0.05839851,19
1171,R-G-V,0.05839851,3
1172,D-G-E,0.058059146,4
1173,E-N-T,0.058059146,4
1174,F-A-G,0.058059146,10
1175,G-D-E,0.058059146,9
1176,G-D-T,0.058059146,16
1177,G-I-E,0.058059146,5
1178,G-Q-R,0.058059146,2
1179,I-E-K,0.058059146,4
1180,I-G-E,0.058059146,10
1181,L-G-E,0.058059146,7
1182,L-K-T,0.058059146,7
1183,M-E-K,0.058059146,2
1184,R-S-E,0.058059146,5
1185,T-Y-E,0.058059146,8
1186,V-T-E,0.058059146,2
1187,S-P-R,0.057898655,15
1188,D-R-V,0.057688911,5
1189,D-S-S,0.057688911,5
1190,D-W-G,0.057688911,7
1191,E-G-W,0.057688911,2
1192,E-S-E,0.057688911,7
1193,E-S-R,0.057688911,6
1194,E-S-W,0.057688911,15
1195,G-D-S,0.057688911,3
1196,G-F-N,0.057688911,3
1197,G-F-V,0.057688911,2
1198,G-G-V,0.057688911,9
1199,G-K-G,0.057688911,6
1200,G-L-P,0.057688911,6
1201,G-Q-S,0.057688911,12
1202,G-Q-V,0.057688911,10
1203,G-R-V,0.057688911,8
1204,G-T-V,0.057688911,6
1205,H-P-G,0.057688911,6
1206,K-T-G,0.057688911,2
1207,L-A-P,0.057688911,3
1208,Q-S-G,0.057688911,4
1209,R-G-L,0.057688911,5
1210,R-I-D,0.057688911,9
1211,R-T-V,0.057688911,7
1212,S-G-H,0.057688911,4
1213,S-G-I,0.057688911,3
1214,S-P-Q,0.057688911,2
1215,V-G-L,0.057688911,5
1216,V-L-P,0.057688911,13
1217,V-P-E,0.057688911,2
1218,V-R-V,0.057688911,6
1219,D-R-E,0.057529888,9
1220,D-S-G,0.057529888,9
1221,I-P-G,0.057529888,7
1222,S-G-G,0.057529888,12
1223,L-G-T,0.05710652,13
1224,D-Y-T,0.05622657,10
1225,G-E-K,0.05622657,12
1226,G-N-T,0.05622657,68
1227,G-Q-E,0.05622657,12
1228,G-V-K,0.05622657,10
1229,K-N-T,0.05622657,8
1230,R-N-T,0.05622657,7
1231,R-Y-G,0.05622657,6
1232,A-G-S,0.055979747,4
1233,D-L-R,0.055979747,8
1234,D-R-A,0.055979747,11
1235,G-A-T,0.055979747,5
1236,G-E-G,0.055979747,4
1237,G-G-G,0.055979747,15
1238,G-G-L,0.055979747,12
1239,G-G-Q,0.055979747,6
1240,G-G-S,0.055979747,4
1241,G-Q-A,0.055979747,7
1242,I-Q-G,0.055979747,3
1243,L-W-D,0.055979747,3
1244,P-G-R,0.055979747,4
1245,Q-G-D,0.055979747,7
1246,Q-G-G,0.055979747,17
1247,T-G-A,0.055979747,6
1248,T-G-L,0.055979747,9
1249,V-G-G,0.055979747,14
1250,W-D-S,0.055979747,7
1251,D-R-D,0.055838712,14
1252,S-Q-D,0.055838712,5
1253,E-G-Q,0.055610039,11
1254,P-S-G,0.055610039,9
1255,S-P-S,0.055610039,9
1256,G-R-G,0.055000315,10
1257,G-T-G,0.055000315,31
1258,L-A-G,0.055000315,22
1259,R-T-G,0.055000315,12
1260,I-R-E,0.054943295,7
1261,S-F-N,0.054943295,4
1262,G-S-T,0.054347826,8
1263,S-G-N,0.054347826,31
1264,G-A-G,0.054013067,17
1265,S-L-S,0.053699608,4
1266,G-H-G,0.053666772,13
1267,G-L-T,0.053666772,4
1268,K-D-T,0.053666772,13
1269,P-G-E,0.053666772,8
1270,S-G-E,0.053666772,10
1271,D-L-L,0.053531168,4
1272,E-D-Q,0.053531168,2
1273,F-R-P,0.053531168,9
1274,I-I-E,0.053531168,7
1275,I-K-E,0.053531168,5
1276,L-G-D,0.053531168,8
1277,N-P-D,0.053531168,3
1278,P-L-A,0.053531168,16
1279,S-Q-E,0.053531168,4
1280,T-A-G,0.053531168,4
1281,W-A-G,0.053531168,5
1282,Y-L-T,0.053531168,2
1283,Y-T-G,0.053531168,5
1284,A-G-E,0.053390434,26
1285,G-G-T,0.053390434,14
1286,G-L-E,0.053390434,12
1287,W-D-T,0.053390434,14
1288,C-A-W,0.053291352,23
1289,G-A-N,0.053207919,7
1290,G-T-N,0.053207919,5
1291,V-G-D,0.053207919,6
1292,S-L-V,0.052794026,10
1293,A-A-K,0.05256142,1
1294,A-A-Q,0.05256142,2
1295,A-D-K,0.05256142,1
1296,A-F-G,0.05256142,2
1297,A-F-N,0.05256142,12
1298,A-H-G,0.05256142,1
1299,A-L-N,0.05256142,4
1300,A-N-L,0.05256142,3
1301,A-P-K,0.05256142,1
1302,A-P-S,0.05256142,5
1303,A-R-N,0.05256142,6
1304,A-R-S,0.05256142,7
1305,A-S-N,0.05256142,1
1306,A-S-Q,0.05256142,1
1307,A-T-A,0.05256142,3
1308,A-Y-A,0.05256142,12
1309,C-R-T,0.05256142,1
1310,D-A-K,0.05256142,11
1311,D-E-D,0.05256142,3
1312,D-E-R,0.05256142,8
1313,D-F-Q,0.05256142,3
1314,D-F-S,0.05256142,3
1315,D-G-M,0.05256142,9
1316,D-H-I,0.05256142,8
1317,D-H-N,0.05256142,9
1318,D-L-E,0.05256142,7
1319,D-L-Q,0.05256142,1
1320,D-M-E,0.05256142,1
1321,D-N-R,0.05256142,2
1322,D-P-N,0.05256142,15
1323,D-R-K,0.05256142,2
1324,D-S-K,0.05256142,8
1325,D-S-T,0.05256142,1
1326,D-T-Y,0.05256142,5
1327,D-W-E,0.05256142,10
1328,D-W-N,0.05256142,1
1329,D-Y-L,0.05256142,5
1330,E-A-K,0.05256142,6
1331,E-D-K,0.05256142,10
1332,E-F-G,0.05256142,7
1333,E-F-P,0.05256142,1
1334,E-G-K,0.05256142,5
1335,E-K-Y,0.05256142,1
1336,E-N-G,0.05256142,6
1337,E-N-K,0.05256142,6
1338,E-T-K,0.05256142,9
1339,E-T-N,0.05256142,8
1340,E-W-G,0.05256142,1
1341,E-Y-R,0.05256142,8
1342,F-A-K,0.05256142,4
1343,F-D-K,0.05256142,3
1344,F-D-Q,0.05256142,1
1345,F-G-Q,0.05256142,1
1346,F-N-N,0.05256142,1
1347,F-N-W,0.05256142,7
1348,G-A-R,0.05256142,3
1349,G-A-V,0.05256142,6
1350,G-A-W,0.05256142,1
1351,G-D-N,0.05256142,12
1352,G-G-I,0.05256142,11
1353,G-H-N,0.05256142,4
1354,G-I-T,0.05256142,1
1355,G-K-I,0.05256142,4
1356,G-K-Q,0.05256142,5
1357,G-L-Q,0.05256142,4
1358,G-L-R,0.05256142,1
1359,G-N-G,0.05256142,11
1360,G-N-K,0.05256142,3
1361,G-N-N,0.05256142,17
1362,G-P-H,0.05256142,8
1363,G-P-K,0.05256142,10
1364,G-P-N,0.05256142,2
1365,G-P-R,0.05256142,1
1366,G-P-V,0.05256142,1
1367,G-Q-H,0.05256142,1
1368,G-Q-I,0.05256142,7
1369,G-Q-N,0.05256142,10
1370,G-Q-Q,0.05256142,2
1371,G-Q-W,0.05256142,3
1372,G-S-F,0.05256142,4
1373,G-S-V,0.05256142,1
1374,G-T-L,0.05256142,1
1375,G-V-F,0.05256142,4
1376,G-V-N,0.05256142,1
1377,G-V-Q,0.05256142,5
1378,G-V-R,0.05256142,1
1379,G-V-W,0.05256142,2
1380,G-W-A,0.05256142,9
1381,G-W-N,0.05256142,2
1382,G-W-T,0.05256142,1
1383,G-Y-Q,0.05256142,2
1384,H-E-K,0.05256142,1
1385,H-F-N,0.05256142,6
1386,H-G-Q,0.05256142,10
1387,H-L-N,0.05256142,6
1388,H-W-Q,0.05256142,1
1389,I-A-K,0.05256142,1
1390,I-I-N,0.05256142,2
1391,I-I-T,0.05256142,1
1392,I-N-S,0.05256142,2
1393,I-S-N,0.05256142,1
1394,I-S-Q,0.05256142,1
1395,I-Y-W,0.05256142,5
1396,K-F-E,0.05256142,9
1397,K-F-L,0.05256142,3
1398,K-G-I,0.05256142,5
1399,K-G-T,0.05256142,6
1400,K-R-K,0.05256142,6
1401,K-R-N,0.05256142,1
1402,K-T-K,0.05256142,1
1403,K-V-F,0.05256142,4
1404,L-A-K,0.05256142,3
1405,L-A-Q,0.05256142,5
1406,L-D-Q,0.05256142,1
1407,L-E-K,0.05256142,1
1408,L-G-K,0.05256142,5
1409,L-G-R,0.05256142,4
1410,L-K-G,0.05256142,2
1411,L-N-K,0.05256142,2
1412,L-P-I,0.05256142,5
1413,L-P-N,0.05256142,2
1414,L-R-A,0.05256142,7
1415,L-S-I,0.05256142,2
1416,L-S-K,0.05256142,2
1417,L-S-T,0.05256142,4
1418,L-T-N,0.05256142,3
1419,L-Y-K,0.05256142,5
1420,L-Y-L,0.05256142,5
1421,L-Y-Q,0.05256142,2
1422,M-N-D,0.05256142,3
1423,N-D-W,0.05256142,2
1424,N-G-K,0.05256142,9
1425,N-S-G,0.05256142,6
1426,N-S-P,0.05256142,1
1427,N-V-A,0.05256142,1
1428,N-Y-A,0.05256142,1
1429,P-A-D,0.05256142,1
1430,P-D-G,0.05256142,5
1431,P-G-W,0.05256142,1
1432,P-G-Y,0.05256142,1
1433,P-K-G,0.05256142,6
1434,P-M-N,0.05256142,5
1435,P-Q-A,0.05256142,4
1436,P-R-I,0.05256142,1
1437,P-S-K,0.05256142,11
1438,P-S-N,0.05256142,1
1439,P-Y-E,0.05256142,5
1440,Q-A-N,0.05256142,12
1441,Q-A-T,0.05256142,7
1442,Q-D-K,0.05256142,15
1443,Q-E-D,0.05256142,1
1444,Q-E-N,0.05256142,6
1445,Q-F-I,0.05256142,13
1446,Q-F-S,0.05256142,1
1447,Q-G-M,0.05256142,4
1448,Q-N-T,0.05256142,3
1449,Q-P-N,0.05256142,8
1450,Q-R-N,0.05256142,5
1451,Q-S-N,0.05256142,10
1452,Q-S-R,0.05256142,1
1453,Q-T-F,0.05256142,8
1454,Q-V-G,0.05256142,1
1455,Q-V-L,0.05256142,14
1456,Q-V-Q,0.05256142,4
1457,R-A-R,0.05256142,9
1458,R-D-K,0.05256142,6
1459,R-D-Y,0.05256142,14
1460,R-E-K,0.05256142,9
1461,R-F-A,0.05256142,1
1462,R-F-L,0.05256142,1
1463,R-G-H,0.05256142,1
1464,R-G-M,0.05256142,2
1465,R-M-G,0.05256142,12
1466,R-M-T,0.05256142,3
1467,R-N-K,0.05256142,2
1468,R-N-P,0.05256142,3
1469,R-P-M,0.05256142,1
1470,R-P-N,0.05256142,3
1471,R-R-N,0.05256142,1
1472,R-S-T,0.05256142,3
1473,R-T-K,0.05256142,1
1474,R-T-P,0.05256142,5
1475,R-V-H,0.05256142,10
1476,R-V-K,0.05256142,1
1477,R-V-W,0.05256142,4
1478,R-W-G,0.05256142,5
1479,R-W-S,0.05256142,11
1480,S-A-N,0.05256142,1
1481,S-Q-K,0.05256142,1
1482,S-T-I,0.05256142,1
1483,S-V-F,0.05256142,1
1484,S-W-R,0.05256142,13
1485,S-Y-K,0.05256142,12
1486,S-Y-L,0.05256142,5
1487,S-Y-Q,0.05256142,1
1488,T-A-I,0.05256142,4
1489,T-A-N,0.05256142,6
1490,T-F-N,0.05256142,10
1491,T-F-R,0.05256142,4
1492,T-F-T,0.05256142,8
1493,T-G-K,0.05256142,10
1494,T-K-G,0.05256142,3
1495,T-M-N,0.05256142,2
1496,T-N-K,0.05256142,14
1497,T-P-L,0.05256142,1
1498,T-Q-D,0.05256142,4
1499,T-Q-F,0.05256142,7
1500,T-Q-G,0.05256142,5
1501,T-S-Q,0.05256142,5
1502,T-T-N,0.05256142,3
1503,T-V-I,0.05256142,3
1504,T-V-P,0.05256142,6
1505,T-V-R,0.05256142,1
1506,V-A-K,0.05256142,4
1507,V-D-K,0.05256142,2
1508,V-F-F,0.05256142,1
1509,V-F-Q,0.05256142,10
1510,V-F-T,0.05256142,4
1511,V-M-N,0.05256142,1
1512,V-N-T,0.05256142,2
1513,V-P-P,0.05256142,5
1514,V-R-D,0.05256142,3
1515,V-S-K,0.05256142,9
1516,V-S-T,0.05256142,2
1517,W-D-K,0.05256142,6
1518,W-G-I,0.05256142,1
1519,W-G-S,0.05256142,4
1520,W-R-T,0.05256142,7
1521,W-T-E,0.05256142,5
1522,W-V-K,0.05256142,1
1523,W-V-Y,0.05256142,3
1524,W-Y-F,0.05256142,10
1525,Y-I-P,0.05256142,1
1526,Y-P-K,0.05256142,4
1527,Y-P-N,0.05256142,6
1528,Y-S-N,0.05256142,11
1529,Y-S-S,0.05256142,5
1530,P-E-L,0.052349867,4
1531,R-S-A,0.052349867,8
1532,S-E-Y,0.052349867,11
1533,C-A-M,0.052138314,1
1534,I-G-S,0.052138314,1
1535,K-V-A,0.052138314,5
1536,S-A-L,0.052138314,1
1537,S-D-W,0.052138314,8
1538,S-S-K,0.052138314,1
1539,V-I-W,0.052138314,1
1540,W-S-T,0.052138314,1
1541,Y-R-V,0.052138314,11
1542,A-S-L,0.051800582,3
1543,Y-S-M,0.051800582,9
1544,A-I-S,0.051571006,142
1545,Q-G-N,0.051126445,6
1546,A-T-G,0.051063048,9
1547,Q-D-I,0.051063048,7
1548,H-R-G,0.05064812,4
1549,G-V-G,0.049892385,8
1550,L-S-V,0.049860586,3
1551,P-R-A,0.049860586,8
1552,S-V-V,0.049207623,74
1553,S-Y-R,0.04880967,14
1554,A-G-A,0.048721722,9
1555,D-S-N,0.048721722,11
1556,E-G-R,0.048721722,6
1557,E-I-G,0.048721722,14
1558,F-V-G,0.048721722,7
1559,G-A-A,0.048721722,10
1560,G-D-G,0.048721722,13
1561,G-G-W,0.048721722,3
1562,G-H-L,0.048721722,7
1563,G-I-N,0.048721722,3
1564,G-L-G,0.048721722,9
1565,G-L-L,0.048721722,3
1566,G-L-N,0.048721722,6
1567,G-L-V,0.048721722,12
1568,G-Q-D,0.048721722,3
1569,G-R-A,0.048721722,10
1570,G-S-N,0.048721722,6
1571,G-V-D,0.048721722,3
1572,G-V-M,0.048721722,6
1573,G-W-G,0.048721722,8
1574,H-R-A,0.048721722,7
1575,L-A-A,0.048721722,6
1576,L-E-W,0.048721722,3
1577,L-G-N,0.048721722,2
1578,L-L-A,0.048721722,12
1579,L-P-A,0.048721722,2
1580,Q-G-Q,0.048721722,7
1581,Q-G-S,0.048721722,9
1582,R-G-A,0.048721722,9
1583,R-G-I,0.048721722,2
1584,R-Q-N,0.048721722,2
1585,R-S-S,0.048721722,3
1586,R-V-G,0.048721722,11
1587,S-D-H,0.048721722,2
1588,S-G-V,0.048721722,9
1589,T-D-R,0.048721722,3
1590,T-G-V,0.048721722,4
1591,T-K-R,0.048721722,8
1592,V-G-K,0.048721722,6
1593,V-G-V,0.048721722,2
1594,V-S-A,0.048721722,9
1595,A-P-R,0.048510169,6
1596,V-E-W,0.048510169,2
1597,S-S-D,0.048204656,6
1598,S-S-L,0.047525336,43
1599,S-S-Y,0.047496518,17
1600,A-A-T,0.044882024,2
1601,A-H-W,0.044882024,1
1602,A-L-G,0.044882024,1
1603,A-N-S,0.044882024,4
1604,A-P-Q,0.044882024,12
1605,A-Q-P,0.044882024,1
1606,A-R-T,0.044882024,4
1607,A-S-W,0.044882024,1
1608,A-V-N,0.044882024,4
1609,D-C-R,0.044882024,5
1610,D-D-P,0.044882024,7
1611,D-D-W,0.044882024,8
1612,D-E-F,0.044882024,1
1613,D-E-G,0.044882024,7
1614,D-F-D,0.044882024,3
1615,D-G-P,0.044882024,1
1616,D-H-F,0.044882024,6
1617,D-L-P,0.044882024,4
1618,D-M-N,0.044882024,8
1619,D-N-V,0.044882024,12
1620,D-R-F,0.044882024,5
1621,D-R-R,0.044882024,8
1622,D-S-A,0.044882024,3
1623,D-S-P,0.044882024,4
1624,D-T-F,0.044882024,6
1625,D-T-M,0.044882024,1
1626,D-T-T,0.044882024,2
1627,D-V-S,0.044882024,1
1628,E-A-Y,0.044882024,3
1629,E-D-E,0.044882024,3
1630,E-G-A,0.044882024,1
1631,E-G-I,0.044882024,5
1632,E-I-I,0.044882024,1
1633,E-K-F,0.044882024,1
1634,E-L-N,0.044882024,1
1635,E-L-P,0.044882024,6
1636,E-L-S,0.044882024,1
1637,E-P-E,0.044882024,1
1638,E-R-S,0.044882024,1
1639,E-R-V,0.044882024,2
1640,E-S-S,0.044882024,6
1641,E-S-Y,0.044882024,1
1642,E-T-P,0.044882024,1
1643,E-V-P,0.044882024,5
1644,E-Y-I,0.044882024,1
1645,F-D-S,0.044882024,5
1646,F-N-S,0.044882024,9
1647,F-P-N,0.044882024,5
1648,F-Q-N,0.044882024,5
1649,F-R-G,0.044882024,1
1650,F-S-R,0.044882024,3
1651,F-W-R,0.044882024,5
1652,G-A-S,0.044882024,4
1653,G-D-H,0.044882024,3
1654,G-G-M,0.044882024,6
1655,G-I-S,0.044882024,2
1656,G-I-Y,0.044882024,4
1657,G-K-F,0.044882024,11
1658,G-L-S,0.044882024,5
1659,G-Q-T,0.044882024,3
1660,G-R-H,0.044882024,3
1661,G-R-P,0.044882024,1
1662,G-S-D,0.044882024,1
1663,G-S-P,0.044882024,2
1664,G-T-P,0.044882024,1
1665,G-V-V,0.044882024,9
1666,G-W-R,0.044882024,11
1667,G-Y-P,0.044882024,6
1668,G-Y-S,0.044882024,6
1669,H-E-G,0.044882024,6
1670,H-G-G,0.044882024,1
1671,H-L-T,0.044882024,4
1672,H-S-D,0.044882024,6
1673,H-S-S,0.044882024,5
1674,H-S-V,0.044882024,6
1675,H-S-W,0.044882024,1
1676,H-V-S,0.044882024,6
1677,I-F-D,0.044882024,3
1678,I-F-S,0.044882024,2
1679,I-M-N,0.044882024,4
1680,I-Q-F,0.044882024,7
1681,K-D-F,0.044882024,11
1682,K-G-E,0.044882024,9
1683,K-G-Q,0.044882024,9
1684,K-G-V,0.044882024,6
1685,K-I-S,0.044882024,1
1686,K-P-M,0.044882024,1
1687,K-Q-E,0.044882024,1
1688,K-R-L,0.044882024,1
1689,L-A-D,0.044882024,1
1690,L-A-L,0.044882024,5
1691,L-A-N,0.044882024,6
1692,L-D-S,0.044882024,2
1693,L-G-P,0.044882024,4
1694,L-G-S,0.044882024,2
1695,L-I-I,0.044882024,3
1696,L-L-D,0.044882024,2
1697,L-L-S,0.044882024,6
1698,L-P-Y,0.044882024,1
1699,L-Q-N,0.044882024,2
1700,L-R-N,0.044882024,6
1701,L-R-P,0.044882024,1
1702,L-R-R,0.044882024,5
1703,L-V-S,0.044882024,1
1704,L-W-T,0.044882024,10
1705,M-D-N,0.044882024,8
1706,M-E-G,0.044882024,4
1707,M-L-G,0.044882024,1
1708,M-Q-A,0.044882024,1
1709,M-V-G,0.044882024,1
1710,N-A-N,0.044882024,11
1711,N-D-R,0.044882024,1
1712,N-E-I,0.044882024,13
1713,N-F-A,0.044882024,5
1714,N-L-P,0.044882024,3
1715,N-P-R,0.044882024,1
1716,N-S-Q,0.044882024,1
1717,N-S-Y,0.044882024,6
1718,N-W-G,0.044882024,1
1719,N-W-V,0.044882024,1
1720,P-E-N,0.044882024,1
1721,P-G-P,0.044882024,1
1722,P-G-V,0.044882024,2
1723,P-H-E,0.044882024,2
1724,P-I-S,0.044882024,5
1725,P-R-K,0.044882024,8
1726,P-R-V,0.044882024,7
1727,P-S-R,0.044882024,3
1728,P-T-Q,0.044882024,2
1729,P-Y-S,0.044882024,1
1730,Q-A-F,0.044882024,1
1731,Q-A-H,0.044882024,13
1732,Q-A-R,0.044882024,10
1733,Q-D-W,0.044882024,5
1734,Q-E-Y,0.044882024,4
1735,Q-G-E,0.044882024,1
1736,Q-G-V,0.044882024,5
1737,Q-G-W,0.044882024,1
1738,Q-S-S,0.044882024,1
1739,Q-S-Y,0.044882024,4
1740,Q-V-V,0.044882024,1
1741,R-D-F,0.044882024,1
1742,R-D-P,0.044882024,1
1743,R-E-S,0.044882024,1
1744,R-G-W,0.044882024,10
1745,R-I-P,0.044882024,1
1746,R-L-G,0.044882024,4
1747,R-L-N,0.044882024,1
1748,R-L-T,0.044882024,3
1749,R-N-D,0.044882024,5
1750,R-N-G,0.044882024,1
1751,R-Q-D,0.044882024,6
1752,R-Q-V,0.044882024,8
1753,R-R-R,0.044882024,5
1754,R-S-N,0.044882024,1
1755,R-T-A,0.044882024,6
1756,R-T-F,0.044882024,1
1757,R-T-N,0.044882024,9
1758,R-V-N,0.044882024,8
1759,R-W-D,0.044882024,4
1760,R-W-V,0.044882024,2
1761,R-Y-P,0.044882024,10
1762,S-A-A,0.044882024,2
1763,S-D-Y,0.044882024,1
1764,S-E-D,0.044882024,8
1765,S-E-F,0.044882024,1
1766,S-H-R,0.044882024,5
1767,S-K-V,0.044882024,9
1768,S-L-K,0.044882024,3
1769,S-R-M,0.044882024,1
1770,S-R-S,0.044882024,6
1771,S-W-N,0.044882024,3
1772,T-D-A,0.044882024,1
1773,T-D-M,0.044882024,5
1774,T-D-Y,0.044882024,5
1775,T-E-M,0.044882024,4
1776,T-G-W,0.044882024,4
1777,T-P-D,0.044882024,4
1778,T-R-N,0.044882024,2
1779,T-S-I,0.044882024,1
1780,T-S-V,0.044882024,2
1781,T-T-G,0.044882024,3
1782,T-T-P,0.044882024,1
1783,T-V-A,0.044882024,11
1784,T-V-G,0.044882024,4
1785,V-R-H,0.044882024,1
1786,V-R-M,0.044882024,1
1787,V-R-Q,0.044882024,1
1788,V-S-N,0.044882024,4
1789,V-S-S,0.044882024,3
1790,V-T-M,0.044882024,1
1791,V-T-V,0.044882024,1
1792,V-V-F,0.044882024,4
1793,V-W-Y,0.044882024,2
1794,V-Y-S,0.044882024,5
1795,W-E-L,0.044882024,11
1796,W-G-A,0.044882024,6
1797,W-L-A,0.044882024,3
1798,W-Q-G,0.044882024,1
1799,W-T-A,0.044882024,3
1800,Y-R-W,0.044882024,1
1801,Y-S-E,0.044882024,6
1802,Y-S-Q,0.044882024,1
1803,Y-T-K,0.044882024,7
1804,A-S-S,0.043253704,216
1805,V-V-W,0.041057167,15
1806,A-A-G,0.040978765,7
1807,G-D-P,0.040978765,6
1808,P-T-G,0.040978765,9
1809,Q-G-I,0.040978765,6
1810,S-R-Q,0.040169368,5
1811,C-S-V,0.040161628,272
1812,G-A-K,0.039677679,10
1813,G-G-N,0.039677679,6
1814,G-P-E,0.039677679,7
1815,P-N-T,0.039677679,13
1816,R-G-K,0.039677679,15
1817,R-M-E,0.039677679,7
1818,L-G-L,0.03760957,8
1819,D-T-D,0.03711788,3
1820,L-R-D,0.03711788,3
1821,P-G-G,0.03711788,10
1822,P-G-L,0.03711788,6
1823,S-K-R,0.03711788,3
1824,V-R-G,0.03711788,6
1825,R-A-D,0.036389394,16
1826,C-A-S,0.036089931,252
1827,C-A-I,0.035541289,198
1828,A-G-L,0.033235808,2
1829,A-N-E,0.033235808,6
1830,A-Q-E,0.033235808,5
1831,A-R-Y,0.033235808,11
1832,G-K-D,0.033235808,7
1833,G-S-A,0.033235808,2
1834,K-A-G,0.033235808,5
1835,K-G-D,0.033235808,8
1836,K-I-E,0.033235808,2
1837,L-G-Q,0.033235808,15
1838,L-R-E,0.033235808,11
1839,N-G-R,0.033235808,2
1840,P-A-G,0.033235808,3
1841,P-K-D,0.033235808,4
1842,P-R-R,0.033235808,10
1843,P-S-A,0.033235808,2
1844,R-T-D,0.033235808,6
1845,V-D-N,0.033235808,2
1846,Y-A-G,0.033235808,10
1847,S-S-E,0.032714787,3
1848,D-G-I,0.031139754,10
1849,E-W-D,0.031139754,3
1850,G-G-A,0.031139754,10
1851,G-G-F,0.031139754,8
1852,G-G-K,0.031139754,15
1853,G-I-R,0.031139754,10
1854,G-K-N,0.031139754,28
1855,G-N-Y,0.031139754,4
1856,G-P-T,0.031139754,3
1857,G-R-N,0.031139754,7
1858,G-R-S,0.031139754,9
1859,L-G-A,0.031139754,11
1860,Q-G-K,0.031139754,9
1861,Q-G-T,0.031139754,3
1862,R-G-E,0.031139754,15
1863,R-G-N,0.031139754,7
1864,T-G-D,0.031139754,4
1865,W-G-N,0.031139754,5
1866,P-G-A,0.030998719,14
1867,0-C-S,0.027628265,283
1868,L-V-G,0.025998148,9
1869,0-C-A,0.024978402,490
1870,A-D-G,0.024268619,6
1871,A-N-T,0.024268619,4
1872,A-R-A,0.024268619,5
1873,D-G-D,0.024268619,2
1874,D-G-L,0.024268619,2
1875,D-P-Y,0.024268619,6
1876,F-G-T,0.024268619,2
1877,F-S-T,0.024268619,3
1878,G-D-K,0.024268619,4
1879,G-I-G,0.024268619,5
1880,G-I-K,0.024268619,14
1881,G-K-A,0.024268619,8
1882,G-K-K,0.024268619,6
1883,G-L-K,0.024268619,6
1884,G-M-G,0.024268619,12
1885,G-N-Q,0.024268619,9
1886,G-R-K,0.024268619,9
1887,G-S-K,0.024268619,3
1888,G-S-Y,0.024268619,7
1889,G-T-D,0.024268619,7
1890,G-V-E,0.024268619,10
1891,G-V-Y,0.024268619,9
1892,G-W-D,0.024268619,3
1893,L-N-Q,0.024268619,2
1894,L-N-T,0.024268619,8
1895,M-G-D,0.024268619,6
1896,M-N-T,0.024268619,9
1897,Q-F-G,0.024268619,2
1898,R-A-I,0.024268619,6
1899,R-I-K,0.024268619,2
1900,R-K-D,0.024268619,2
1901,S-G-D,0.024268619,2
1902,S-N-T,0.024268619,6
1903,T-G-N,0.024268619,7
1904,T-G-R,0.024268619,3
1905,T-P-G,0.024268619,3
1906,V-G-N,0.024268619,15
1907,Y-E-G,0.024268619,6
1908,R-K-E,0.024057066,3
1909,P-P-G,0.021307501,12
1910,A-G-N,0.020428921,7
1911,A-K-N,0.020428921,11
1912,D-R-N,0.020428921,7
1913,E-K-N,0.020428921,7
1914,G-G-H,0.020428921,14
1915,G-L-D,0.020428921,3
1916,H-L-G,0.020428921,6
1917,N-T-G,0.020428921,26
1918,P-E-K,0.020428921,3
1919,P-G-D,0.020428921,10
1920,P-G-N,0.020428921,15
1921,R-A-N,0.020428921,2
1922,T-G-S,0.020428921,15
1923,T-L-D,0.020428921,7
1924,V-D-E,0.020428921,2
1925,V-K-N,0.020428921,10
1926,V-Q-E,0.020428921,9
1927,V-W-D,0.020428921,11
1928,W-D-G,0.020428921,2
1929,W-G-R,0.020428921,3
1930,W-T-S,0.020428921,2
1931,L-V-K,0.01655621,9
1932,0-0-C,0.011423041,770
1933,0-0-0,0.001950318,5396
1934,V-V-Y,-0.001121507,1
1935,V-W-I,-0.001121507,6
1936,D-S-I,-0.002549113,1
1937,I-I-G,-0.002549113,6
1938,L-R-S,-0.002549113,1
1939,S-A-P,-0.002549113,3
1940,S-R-K,-0.002549113,5
1941,V-K-V,-0.002549113,1
1942,Y-R-A,-0.002549113,5
1943,Y-R-R,-0.003286647,7
1944,A-A-D,-0.004024182,1
1945,A-D-Y,-0.004024182,2
1946,A-K-D,-0.004024182,9
1947,A-K-E,-0.004024182,1
1948,A-L-Y,-0.004024182,3
1949,A-N-K,-0.004024182,5
1950,A-Q-D,-0.004024182,1
1951,A-R-E,-0.004024182,5
1952,A-R-Q,-0.004024182,5
1953,A-T-K,-0.004024182,10
1954,A-V-R,-0.004024182,3
1955,A-V-S,-0.004024182,1
1956,A-W-E,-0.004024182,4
1957,D-E-N,-0.004024182,1
1958,D-G-N,-0.004024182,2
1959,D-H-Y,-0.004024182,1
1960,D-I-K,-0.004024182,3
1961,D-I-Y,-0.004024182,1
1962,D-K-E,-0.004024182,7
1963,D-K-N,-0.004024182,10
1964,D-N-E,-0.004024182,6
1965,D-Q-E,-0.004024182,2
1966,D-S-L,-0.004024182,15
1967,D-S-Y,-0.004024182,8
1968,D-T-H,-0.004024182,8
1969,E-D-A,-0.004024182,13
1970,E-I-D,-0.004024182,6
1971,E-K-K,-0.004024182,7
1972,E-L-H,-0.004024182,13
1973,E-L-K,-0.004024182,3
1974,E-N-Y,-0.004024182,1
1975,E-R-E,-0.004024182,2
1976,E-Y-Q,-0.004024182,4
1977,F-E-E,-0.004024182,1
1978,F-F-G,-0.004024182,6
1979,F-G-N,-0.004024182,2
1980,F-G-R,-0.004024182,1
1981,F-I-D,-0.004024182,1
1982,F-L-G,-0.004024182,2
1983,F-L-S,-0.004024182,1
1984,F-N-Y,-0.004024182,3
1985,F-P-G,-0.004024182,1
1986,F-Q-E,-0.004024182,2
1987,F-S-K,-0.004024182,1
1988,F-T-D,-0.004024182,8
1989,G-A-Y,-0.004024182,6
1990,G-D-Q,-0.004024182,4
1991,G-D-Y,-0.004024182,8
1992,G-E-D,-0.004024182,1
1993,G-E-E,-0.004024182,8
1994,G-F-K,-0.004024182,4
1995,G-F-P,-0.004024182,4
1996,G-K-E,-0.004024182,2
1997,G-K-S,-0.004024182,11
1998,G-M-K,-0.004024182,10
1999,G-M-Y,-0.004024182,1
2000,G-R-D,-0.004024182,3
2001,G-T-R,-0.004024182,1
2002,G-T-Y,-0.004024182,1
2003,G-W-Q,-0.004024182,3
2004,G-Y-H,-0.004024182,2
2005,G-Y-Y,-0.004024182,4
2006,H-G-N,-0.004024182,1
2007,H-I-G,-0.004024182,1
2008,H-L-K,-0.004024182,4
2009,H-N-Q,-0.004024182,5
2010,H-T-D,-0.004024182,2
2011,I-G-N,-0.004024182,2
2012,I-N-Y,-0.004024182,5
2013,I-Q-D,-0.004024182,2
2014,I-T-D,-0.004024182,4
2015,K-G-N,-0.004024182,6
2016,K-K-N,-0.004024182,11
2017,K-K-Y,-0.004024182,5
2018,K-Q-I,-0.004024182,1
2019,K-R-G,-0.004024182,9
2020,K-Y-Y,-0.004024182,9
2021,L-E-E,-0.004024182,3
2022,L-E-Y,-0.004024182,2
2023,L-G-I,-0.004024182,1
2024,L-I-K,-0.004024182,14
2025,L-I-T,-0.004024182,1
2026,L-Q-E,-0.004024182,5
2027,L-S-E,-0.004024182,4
2028,L-S-R,-0.004024182,1
2029,L-T-D,-0.004024182,4
2030,L-V-T,-0.004024182,11
2031,M-E-D,-0.004024182,5
2032,M-G-L,-0.004024182,11
2033,M-G-Q,-0.004024182,6
2034,M-G-V,-0.004024182,2
2035,M-T-D,-0.004024182,1
2036,N-D-E,-0.004024182,2
2037,N-G-E,-0.004024182,5
2038,N-K-E,-0.004024182,16
2039,N-K-K,-0.004024182,1
2040,N-K-N,-0.004024182,6
2041,N-L-E,-0.004024182,4
2042,N-N-Q,-0.004024182,2
2043,N-N-Y,-0.004024182,2
2044,N-Q-E,-0.004024182,2
2045,N-R-N,-0.004024182,8
2046,N-S-D,-0.004024182,9
2047,N-T-D,-0.004024182,2
2048,N-T-Y,-0.004024182,5
2049,N-W-D,-0.004024182,12
2050,N-Y-N,-0.004024182,5
2051,P-E-D,-0.004024182,9
2052,P-F-E,-0.004024182,5
2053,P-H-Y,-0.004024182,1
2054,P-I-K,-0.004024182,6
2055,P-K-N,-0.004024182,14
2056,P-M-E,-0.004024182,2
2057,P-N-E,-0.004024182,5
2058,P-N-Q,-0.004024182,1
2059,P-R-E,-0.004024182,8
2060,P-R-Y,-0.004024182,1
2061,P-V-E,-0.004024182,8
2062,P-Y-N,-0.004024182,4
2063,Q-A-E,-0.004024182,2
2064,Q-A-G,-0.004024182,1
2065,Q-A-L,-0.004024182,2
2066,Q-D-Y,-0.004024182,1
2067,Q-E-E,-0.004024182,5
2068,Q-I-D,-0.004024182,8
2069,Q-K-N,-0.004024182,1
2070,Q-N-Q,-0.004024182,6
2071,Q-N-Y,-0.004024182,6
2072,Q-P-A,-0.004024182,7
2073,Q-Q-E,-0.004024182,7
2074,Q-W-Q,-0.004024182,4
2075,R-A-E,-0.004024182,4
2076,R-E-E,-0.004024182,3
2077,R-E-N,-0.004024182,12
2078,R-I-W,-0.004024182,1
2079,R-K-N,-0.004024182,9
2080,R-N-Q,-0.004024182,8
2081,R-N-Y,-0.004024182,4
2082,R-Q-E,-0.004024182,8
2083,R-V-D,-0.004024182,1
2084,R-W-N,-0.004024182,1
2085,S-A-D,-0.004024182,2
2086,S-F-T,-0.004024182,1
2087,S-K-K,-0.004024182,1
2088,S-K-N,-0.004024182,15
2089,S-K-Y,-0.004024182,3
2090,S-N-E,-0.004024182,10
2091,S-N-Q,-0.004024182,5
2092,S-N-Y,-0.004024182,12
2093,S-P-D,-0.004024182,1
2094,S-R-H,-0.004024182,5
2095,S-T-D,-0.004024182,7
2096,S-T-Y,-0.004024182,1
2097,S-Y-N,-0.004024182,3
2098,T-D-E,-0.004024182,1
2099,T-E-D,-0.004024182,6
2100,T-E-E,-0.004024182,3
2101,T-E-R,-0.004024182,1
2102,T-F-G,-0.004024182,3
2103,T-I-H,-0.004024182,5
2104,T-K-D,-0.004024182,1
2105,T-K-E,-0.004024182,5
2106,T-K-N,-0.004024182,6
2107,T-N-E,-0.004024182,14
2108,T-N-Y,-0.004024182,5
2109,T-Q-E,-0.004024182,9
2110,V-A-D,-0.004024182,2
2111,V-D-Y,-0.004024182,4
2112,V-F-A,-0.004024182,1
2113,V-F-D,-0.004024182,3
2114,V-F-E,-0.004024182,1
2115,V-G-Y,-0.004024182,1
2116,V-H-Y,-0.004024182,1
2117,V-I-E,-0.004024182,6
2118,V-L-V,-0.004024182,5
2119,V-M-K,-0.004024182,2
2120,V-N-Y,-0.004024182,5
2121,V-R-E,-0.004024182,9
2122,V-R-R,-0.004024182,1
2123,V-T-D,-0.004024182,6
2124,V-W-E,-0.004024182,2
2125,V-W-R,-0.004024182,1
2126,V-Y-Q,-0.004024182,1
2127,V-Y-T,-0.004024182,6
2128,W-D-Q,-0.004024182,2
2129,W-E-E,-0.004024182,6
2130,W-G-P,-0.004024182,1
2131,W-G-T,-0.004024182,8
2132,W-G-Y,-0.004024182,6
2133,W-N-E,-0.004024182,5
2134,W-N-Y,-0.004024182,1
2135,W-Q-D,-0.004024182,2
2136,W-Q-H,-0.004024182,4
2137,W-R-E,-0.004024182,13
2138,W-S-S,-0.004024182,6
2139,Y-A-D,-0.004024182,5
2140,Y-F-N,-0.004024182,4
2141,Y-G-N,-0.004024182,1
2142,Y-K-N,-0.004024182,2
2143,Y-L-G,-0.004024182,15
2144,Y-L-Q,-0.004024182,1
2145,Y-Q-E,-0.004024182,6
2146,Y-W-D,-0.004024182,1
2147,V-Y-I,-0.010351993,1
2148,W-I-L,-0.010351993,2
2149,W-S-P,-0.010351993,3
2150,I-L-G,-0.019449,4
2151,S-F-P,-0.019449,1
2152,S-P-P,-0.019449,1
2153,Y-I-I,-0.019449,1
